invoice_id,branch,city,customer_type,gender,product_line,date,time,payment_method,rating,unit_price,quantity_sold,COGS,VAT,gross_profit,net_profit,time_of_the_day,day_name,month_name,product_line_status
101-17-6199,A,Yangon,Normal,Male,"Food and beverages",2019-03-13,19:44:00,"Credit card",7.0,45.79,7,320.53,16.0265,336.5565,304.5035,Evening,Wednesday,March,Good
101-81-4070,C,Naypyitaw,Member,Female,"Health and beauty",2019-01-17,12:36:00,Ewallet,4.9,62.82,2,125.64,6.2820,131.9220,119.3580,Afternoon,Thursday,January,Bad
102-06-2002,C,Naypyitaw,Member,Male,"Sports and travel",2019-03-20,17:52:00,Cash,6.1,25.25,5,126.25,6.3125,132.5625,119.9375,Evening,Wednesday,March,Bad
102-77-2261,C,Naypyitaw,Member,Male,"Health and beauty",2019-03-05,18:02:00,"Credit card",4.2,65.31,7,457.17,22.8585,480.0285,434.3115,Evening,Tuesday,March,Good
105-10-6182,A,Yangon,Member,Male,"Fashion accessories",2019-02-27,12:22:00,Ewallet,6.6,21.48,2,42.96,2.1480,45.1080,40.8120,Afternoon,Wednesday,February,Bad
105-31-1824,A,Yangon,Member,Male,"Sports and travel",2019-02-01,15:10:00,"Credit card",8.5,69.52,7,486.64,24.3320,510.9720,462.3080,Afternoon,Friday,February,Good
106-35-6779,A,Yangon,Member,Male,"Home and lifestyle",2019-03-27,11:26:00,Cash,5.8,44.34,2,88.68,4.4340,93.1140,84.2460,Morning,Wednesday,March,Bad
109-28-2512,B,Mandalay,Member,Female,"Fashion accessories",2019-01-07,15:01:00,Ewallet,9.9,97.61,6,585.66,29.2830,614.9430,556.3770,Afternoon,Monday,January,Good
109-86-4363,B,Mandalay,Member,Female,"Sports and travel",2019-02-14,11:36:00,"Credit card",4.5,60.08,7,420.56,21.0280,441.5880,399.5320,Morning,Thursday,February,Good
110-05-6330,C,Naypyitaw,Normal,Female,"Food and beverages",2019-03-25,20:18:00,"Credit card",9.4,39.43,6,236.58,11.8290,248.4090,224.7510,Evening,Monday,March,Bad
110-48-7033,B,Mandalay,Member,Male,"Fashion accessories",2019-01-29,14:12:00,Cash,9.0,32.62,4,130.48,6.5240,137.0040,123.9560,Afternoon,Tuesday,January,Bad
114-35-5271,B,Mandalay,Normal,Female,"Electronic accessories",2019-02-07,15:06:00,Cash,8.1,57.91,8,463.28,23.1640,486.4440,440.1160,Afternoon,Thursday,February,Good
115-38-7388,C,Naypyitaw,Member,Female,"Fashion accessories",2019-03-30,12:51:00,"Credit card",9.5,10.18,8,81.44,4.0720,85.5120,77.3680,Afternoon,Saturday,March,Bad
115-99-4379,B,Mandalay,Member,Female,"Fashion accessories",2019-03-14,19:02:00,"Credit card",8.5,54.73,7,383.11,19.1555,402.2655,363.9545,Evening,Thursday,March,Good
118-62-1812,C,Naypyitaw,Member,Female,"Home and lifestyle",2019-03-24,17:56:00,Cash,7.9,78.38,4,313.52,15.6760,329.1960,297.8440,Evening,Sunday,March,Good
120-06-4233,C,Naypyitaw,Normal,Male,"Electronic accessories",2019-03-12,20:36:00,Cash,9.3,30.61,6,183.66,9.1830,192.8430,174.4770,Evening,Tuesday,March,Bad
120-54-2248,B,Mandalay,Normal,Female,"Food and beverages",2019-01-22,18:08:00,"Credit card",8.0,28.86,5,144.30,7.2150,151.5150,137.0850,Evening,Tuesday,January,Bad
122-61-9553,C,Naypyitaw,Normal,Female,"Electronic accessories",2019-03-14,19:33:00,Cash,5.6,51.32,9,461.88,23.0940,484.9740,438.7860,Evening,Thursday,March,Good
123-19-1176,A,Yangon,Member,Male,"Health and beauty",2019-01-27,20:33:00,Ewallet,8.4,58.22,8,465.76,23.2880,489.0480,442.4720,Evening,Sunday,January,Good
123-35-4896,C,Naypyitaw,Normal,Female,"Sports and travel",2019-02-17,19:11:00,Ewallet,5.3,46.66,9,419.94,20.9970,440.9370,398.9430,Evening,Sunday,February,Good
124-31-1458,A,Yangon,Member,Female,"Electronic accessories",2019-01-08,14:30:00,Cash,6.6,79.59,3,238.77,11.9385,250.7085,226.8315,Afternoon,Tuesday,January,Bad
125-45-2293,A,Yangon,Normal,Female,"Fashion accessories",2019-01-19,13:11:00,Cash,4.2,99.10,6,594.60,29.7300,624.3300,564.8700,Afternoon,Saturday,January,Good
126-54-1082,A,Yangon,Member,Female,"Home and lifestyle",2019-01-07,11:44:00,"Credit card",8.8,21.54,9,193.86,9.6930,203.5530,184.1670,Morning,Monday,January,Bad
127-47-6963,A,Yangon,Normal,Male,"Health and beauty",2019-03-09,13:53:00,"Credit card",9.8,51.71,4,206.84,10.3420,217.1820,196.4980,Afternoon,Saturday,March,Bad
129-29-8530,A,Yangon,Member,Male,"Sports and travel",2019-03-10,19:15:00,Ewallet,7.0,62.62,5,313.10,15.6550,328.7550,297.4450,Evening,Sunday,March,Good
130-67-4723,A,Yangon,Member,Male,"Food and beverages",2019-01-11,13:57:00,Ewallet,9.4,48.50,6,291.00,14.5500,305.5500,276.4500,Afternoon,Friday,January,Bad
130-98-8941,C,Naypyitaw,Normal,Male,"Fashion accessories",2019-02-09,10:00:00,Cash,5.7,64.26,7,449.82,22.4910,472.3110,427.3290,Morning,Saturday,February,Good
131-15-8856,C,Naypyitaw,Member,Female,"Food and beverages",2019-03-30,19:26:00,"Credit card",4.0,72.52,8,580.16,29.0080,609.1680,551.1520,Evening,Saturday,March,Good
131-70-8179,A,Yangon,Member,Female,"Health and beauty",2019-02-17,16:27:00,Cash,4.2,92.09,3,276.27,13.8135,290.0835,262.4565,Evening,Sunday,February,Bad
132-23-6451,A,Yangon,Member,Male,"Health and beauty",2019-01-04,13:21:00,Cash,7.8,20.97,5,104.85,5.2425,110.0925,99.6075,Afternoon,Friday,January,Bad
132-32-9879,B,Mandalay,Member,Female,"Electronic accessories",2019-03-09,18:00:00,Cash,9.5,93.96,4,375.84,18.7920,394.6320,357.0480,Evening,Saturday,March,Good
133-14-7229,C,Naypyitaw,Normal,Male,"Health and beauty",2019-01-01,11:43:00,Cash,5.0,62.87,2,125.74,6.2870,132.0270,119.4530,Morning,Tuesday,January,Bad
133-77-3154,B,Mandalay,Member,Male,"Fashion accessories",2019-02-16,18:04:00,"Credit card",9.4,60.18,4,240.72,12.0360,252.7560,228.6840,Evening,Saturday,February,Bad
134-54-4720,B,Mandalay,Normal,Female,"Electronic accessories",2019-01-30,13:58:00,Ewallet,5.7,42.42,8,339.36,16.9680,356.3280,322.3920,Afternoon,Wednesday,January,Good
134-75-2619,A,Yangon,Member,Male,"Electronic accessories",2019-03-25,18:51:00,Cash,6.9,19.32,7,135.24,6.7620,142.0020,128.4780,Evening,Monday,March,Bad
135-13-8269,B,Mandalay,Member,Female,"Food and beverages",2019-01-26,16:04:00,Cash,9.1,78.88,2,157.76,7.8880,165.6480,149.8720,Evening,Saturday,January,Bad
135-84-8019,A,Yangon,Normal,Female,"Fashion accessories",2019-02-27,16:10:00,Ewallet,7.6,77.93,9,701.37,35.0685,736.4385,666.3015,Evening,Wednesday,February,Good
136-08-6195,A,Yangon,Normal,Female,"Home and lifestyle",2019-02-15,17:01:00,"Credit card",6.4,69.96,8,559.68,27.9840,587.6640,531.6960,Evening,Friday,February,Good
137-63-5492,C,Naypyitaw,Normal,Male,"Electronic accessories",2019-01-29,14:26:00,Ewallet,9.0,58.76,10,587.60,29.3800,616.9800,558.2200,Afternoon,Tuesday,January,Good
137-74-8729,C,Naypyitaw,Normal,Female,"Fashion accessories",2019-03-13,12:47:00,Ewallet,6.8,12.19,8,97.52,4.8760,102.3960,92.6440,Afternoon,Wednesday,March,Bad
138-17-5109,A,Yangon,Member,Female,"Home and lifestyle",2019-01-15,15:42:00,"Credit card",6.5,89.21,9,802.89,40.1445,843.0345,762.7455,Afternoon,Tuesday,January,Good
139-20-0155,B,Mandalay,Member,Male,"Electronic accessories",2019-01-24,17:37:00,"Credit card",7.0,40.30,10,403.00,20.1500,423.1500,382.8500,Evening,Thursday,January,Good
139-32-4183,A,Yangon,Member,Female,"Sports and travel",2019-03-14,14:19:00,Ewallet,7.4,97.48,9,877.32,43.8660,921.1860,833.4540,Afternoon,Thursday,March,Good
139-52-2867,C,Naypyitaw,Normal,Female,"Fashion accessories",2019-02-13,10:50:00,"Credit card",4.8,22.51,7,157.57,7.8785,165.4485,149.6915,Morning,Wednesday,February,Bad
142-63-6033,B,Mandalay,Normal,Male,"Home and lifestyle",2019-03-20,19:17:00,Ewallet,4.9,92.36,5,461.80,23.0900,484.8900,438.7100,Evening,Wednesday,March,Good
142-72-4741,C,Naypyitaw,Member,Male,"Fashion accessories",2019-02-28,18:37:00,"Credit card",6.0,93.20,2,186.40,9.3200,195.7200,177.0800,Evening,Thursday,February,Bad
144-51-6085,A,Yangon,Member,Male,"Home and lifestyle",2019-01-05,16:05:00,"Credit card",4.4,70.74,4,282.96,14.1480,297.1080,268.8120,Evening,Saturday,January,Bad
145-94-9061,B,Mandalay,Normal,Female,"Food and beverages",2019-01-25,19:48:00,Cash,9.6,88.36,5,441.80,22.0900,463.8900,419.7100,Evening,Friday,January,Good
146-09-5432,A,Yangon,Member,Male,"Food and beverages",2019-02-09,19:17:00,Ewallet,4.6,35.04,9,315.36,15.7680,331.1280,299.5920,Evening,Saturday,February,Good
148-41-7930,C,Naypyitaw,Normal,Male,"Health and beauty",2019-01-23,10:33:00,Cash,6.1,99.96,7,699.72,34.9860,734.7060,664.7340,Morning,Wednesday,January,Good
148-82-2527,C,Naypyitaw,Member,Female,"Home and lifestyle",2019-03-05,13:44:00,"Credit card",8.4,12.12,10,121.20,6.0600,127.2600,115.1400,Afternoon,Tuesday,March,Bad
149-14-0304,C,Naypyitaw,Member,Female,"Health and beauty",2019-02-06,14:24:00,Cash,6.6,28.50,8,228.00,11.4000,239.4000,216.6000,Afternoon,Wednesday,February,Bad
149-15-7606,B,Mandalay,Member,Male,"Sports and travel",2019-03-06,15:31:00,Ewallet,5.1,37.32,9,335.88,16.7940,352.6740,319.0860,Afternoon,Wednesday,March,Good
149-61-1929,A,Yangon,Normal,Male,"Sports and travel",2019-01-19,14:08:00,"Credit card",6.7,64.19,10,641.90,32.0950,673.9950,609.8050,Afternoon,Saturday,January,Good
149-71-6266,B,Mandalay,Member,Male,"Sports and travel",2019-01-28,12:43:00,Cash,4.5,78.07,9,702.63,35.1315,737.7615,667.4985,Afternoon,Monday,January,Good
150-89-8043,A,Yangon,Normal,Male,"Sports and travel",2019-02-14,15:04:00,Cash,6.2,44.65,3,133.95,6.6975,140.6475,127.2525,Afternoon,Thursday,February,Bad
151-16-1484,A,Yangon,Member,Male,"Electronic accessories",2019-02-13,12:38:00,Ewallet,6.5,32.25,4,129.00,6.4500,135.4500,122.5500,Afternoon,Wednesday,February,Bad
151-27-8496,C,Naypyitaw,Normal,Female,"Electronic accessories",2019-01-19,11:43:00,Ewallet,8.6,56.13,4,224.52,11.2260,235.7460,213.2940,Morning,Saturday,January,Bad
151-33-7434,B,Mandalay,Normal,Female,"Food and beverages",2019-02-04,20:43:00,"Credit card",6.5,67.77,1,67.77,3.3885,71.1585,64.3815,Evening,Monday,February,Bad
152-03-4217,B,Mandalay,Normal,Female,"Home and lifestyle",2019-03-17,11:55:00,"Credit card",4.3,11.28,9,101.52,5.0760,106.5960,96.4440,Morning,Sunday,March,Bad
152-08-9985,B,Mandalay,Member,Male,"Health and beauty",2019-03-12,12:09:00,"Credit card",8.6,64.36,9,579.24,28.9620,608.2020,550.2780,Afternoon,Tuesday,March,Good
152-68-2907,A,Yangon,Normal,Male,"Food and beverages",2019-02-15,13:30:00,"Credit card",9.5,52.20,3,156.60,7.8300,164.4300,148.7700,Afternoon,Friday,February,Bad
153-58-4872,C,Naypyitaw,Member,Female,"Food and beverages",2019-03-01,15:32:00,Ewallet,4.2,74.89,4,299.56,14.9780,314.5380,284.5820,Afternoon,Friday,March,Bad
154-74-7179,B,Mandalay,Normal,Male,"Sports and travel",2019-02-26,19:24:00,Ewallet,7.9,54.45,1,54.45,2.7225,57.1725,51.7275,Evening,Tuesday,February,Bad
154-87-7367,C,Naypyitaw,Normal,Male,"Home and lifestyle",2019-03-15,14:04:00,Ewallet,6.3,65.26,8,522.08,26.1040,548.1840,495.9760,Afternoon,Friday,March,Good
155-45-3814,C,Naypyitaw,Member,Female,"Electronic accessories",2019-03-19,15:29:00,Ewallet,4.7,88.55,8,708.40,35.4200,743.8200,672.9800,Afternoon,Tuesday,March,Good
156-20-0370,B,Mandalay,Normal,Female,"Electronic accessories",2019-03-10,18:10:00,"Credit card",5.1,25.45,1,25.45,1.2725,26.7225,24.1775,Evening,Sunday,March,Bad
156-95-3964,A,Yangon,Normal,Female,"Food and beverages",2019-03-25,15:19:00,Ewallet,8.0,55.39,4,221.56,11.0780,232.6380,210.4820,Afternoon,Monday,March,Bad
157-13-5295,A,Yangon,Member,Male,"Health and beauty",2019-03-09,18:24:00,Ewallet,6.5,51.94,10,519.40,25.9700,545.3700,493.4300,Evening,Saturday,March,Good
160-22-2687,A,Yangon,Member,Female,"Health and beauty",2019-01-23,14:21:00,Ewallet,8.8,95.95,5,479.75,23.9875,503.7375,455.7625,Afternoon,Wednesday,January,Good
162-48-8011,A,Yangon,Member,Female,"Food and beverages",2019-02-10,15:10:00,Cash,8.5,44.59,5,222.95,11.1475,234.0975,211.8025,Afternoon,Sunday,February,Bad
162-65-8559,C,Naypyitaw,Member,Male,"Food and beverages",2019-01-21,20:13:00,Cash,4.8,68.98,1,68.98,3.4490,72.4290,65.5310,Evening,Monday,January,Bad
163-56-7055,C,Naypyitaw,Member,Male,"Fashion accessories",2019-03-26,19:20:00,Cash,4.1,48.71,1,48.71,2.4355,51.1455,46.2745,Evening,Tuesday,March,Bad
166-19-2553,A,Yangon,Member,Male,"Sports and travel",2019-01-18,17:26:00,Cash,9.9,89.06,6,534.36,26.7180,561.0780,507.6420,Evening,Friday,January,Good
169-52-4504,A,Yangon,Normal,Female,"Electronic accessories",2019-03-14,14:13:00,"Credit card",5.8,15.69,3,47.07,2.3535,49.4235,44.7165,Afternoon,Thursday,March,Bad
172-42-8274,B,Mandalay,Normal,Female,"Electronic accessories",2019-03-02,18:18:00,"Credit card",5.8,38.27,2,76.54,3.8270,80.3670,72.7130,Evening,Saturday,March,Bad
173-50-1108,B,Mandalay,Member,Female,"Sports and travel",2019-02-13,12:14:00,"Credit card",5.0,20.18,4,80.72,4.0360,84.7560,76.6840,Afternoon,Wednesday,February,Bad
173-57-2300,C,Naypyitaw,Member,Male,"Sports and travel",2019-03-13,12:51:00,Cash,6.1,72.88,2,145.76,7.2880,153.0480,138.4720,Afternoon,Wednesday,March,Bad
173-82-9529,B,Mandalay,Normal,Female,"Fashion accessories",2019-01-26,14:51:00,Cash,9.7,37.95,10,379.50,18.9750,398.4750,360.5250,Afternoon,Saturday,January,Good
174-36-3675,C,Naypyitaw,Member,Male,"Food and beverages",2019-02-14,17:29:00,Cash,5.2,99.37,2,198.74,9.9370,208.6770,188.8030,Evening,Thursday,February,Bad
174-64-0215,B,Mandalay,Normal,Male,"Sports and travel",2019-03-05,17:49:00,"Credit card",8.9,69.74,10,697.40,34.8700,732.2700,662.5300,Evening,Tuesday,March,Good
174-75-0888,B,Mandalay,Normal,Male,"Electronic accessories",2019-03-14,12:32:00,Cash,7.3,21.58,9,194.22,9.7110,203.9310,184.5090,Afternoon,Thursday,March,Bad
175-54-2529,A,Yangon,Member,Male,"Food and beverages",2019-03-03,17:01:00,"Credit card",9.6,22.17,8,177.36,8.8680,186.2280,168.4920,Evening,Sunday,March,Bad
176-64-7711,B,Mandalay,Normal,Male,"Food and beverages",2019-03-27,19:11:00,"Credit card",4.3,32.32,3,96.96,4.8480,101.8080,92.1120,Evening,Wednesday,March,Bad
176-78-1170,C,Naypyitaw,Member,Male,"Health and beauty",2019-01-26,15:11:00,Ewallet,7.3,33.81,3,101.43,5.0715,106.5015,96.3585,Afternoon,Saturday,January,Bad
181-82-6255,B,Mandalay,Normal,Female,"Home and lifestyle",2019-02-08,10:58:00,Cash,7.0,16.37,6,98.22,4.9110,103.1310,93.3090,Morning,Friday,February,Bad
181-94-6432,C,Naypyitaw,Member,Male,"Fashion accessories",2019-02-05,19:05:00,Ewallet,9.7,69.33,2,138.66,6.9330,145.5930,131.7270,Evening,Tuesday,February,Bad
182-52-7000,A,Yangon,Member,Female,"Sports and travel",2019-01-01,20:26:00,Ewallet,6.9,27.04,4,108.16,5.4080,113.5680,102.7520,Evening,Tuesday,January,Bad
182-69-8360,B,Mandalay,Normal,Female,"Electronic accessories",2019-01-30,13:32:00,"Credit card",4.0,23.65,4,94.60,4.7300,99.3300,89.8700,Afternoon,Wednesday,January,Bad
182-88-2763,B,Mandalay,Member,Male,"Food and beverages",2019-03-20,19:28:00,"Credit card",5.0,79.91,3,239.73,11.9865,251.7165,227.7435,Evening,Wednesday,March,Bad
183-21-3799,C,Naypyitaw,Normal,Female,"Electronic accessories",2019-02-19,15:14:00,Ewallet,7.2,77.63,9,698.67,34.9335,733.6035,663.7365,Afternoon,Tuesday,February,Good
183-56-6882,C,Naypyitaw,Member,Female,"Food and beverages",2019-02-06,10:42:00,Ewallet,7.5,99.42,4,397.68,19.8840,417.5640,377.7960,Morning,Wednesday,February,Good
186-09-3669,C,Naypyitaw,Member,Female,"Health and beauty",2019-01-22,10:57:00,Ewallet,9.2,81.51,1,81.51,4.0755,85.5855,77.4345,Morning,Tuesday,January,Bad
186-43-8965,A,Yangon,Member,Female,"Home and lifestyle",2019-02-24,10:10:00,"Credit card",4.1,47.68,2,95.36,4.7680,100.1280,90.5920,Morning,Sunday,February,Bad
186-71-5196,A,Yangon,Member,Female,"Food and beverages",2019-03-27,16:30:00,Ewallet,6.2,79.54,2,159.08,7.9540,167.0340,151.1260,Evening,Wednesday,March,Bad
186-79-9562,B,Mandalay,Normal,Male,"Health and beauty",2019-03-29,14:06:00,Cash,8.9,71.77,7,502.39,25.1195,527.5095,477.2705,Afternoon,Friday,March,Good
187-83-5490,A,Yangon,Member,Male,"Electronic accessories",2019-01-31,13:47:00,Cash,4.7,20.77,4,83.08,4.1540,87.2340,78.9260,Afternoon,Thursday,January,Bad
188-55-0967,B,Mandalay,Member,Male,"Health and beauty",2019-01-15,15:01:00,"Credit card",5.0,66.47,10,664.70,33.2350,697.9350,631.4650,Afternoon,Tuesday,January,Good
189-08-9157,C,Naypyitaw,Normal,Female,"Fashion accessories",2019-01-08,16:17:00,"Credit card",5.9,31.73,9,285.57,14.2785,299.8485,271.2915,Evening,Tuesday,January,Bad
189-17-4241,A,Yangon,Normal,Female,"Fashion accessories",2019-03-10,12:17:00,"Credit card",7.7,87.67,2,175.34,8.7670,184.1070,166.5730,Afternoon,Sunday,March,Bad
189-40-5216,C,Naypyitaw,Normal,Male,"Electronic accessories",2019-01-09,11:40:00,Cash,6.0,96.37,7,674.59,33.7295,708.3195,640.8605,Morning,Wednesday,January,Good
189-52-0236,A,Yangon,Normal,Male,"Electronic accessories",2019-03-14,12:07:00,Cash,7.6,99.55,7,696.85,34.8425,731.6925,662.0075,Afternoon,Thursday,March,Good
189-55-2313,C,Naypyitaw,Normal,Female,"Fashion accessories",2019-01-31,10:33:00,Ewallet,6.0,62.18,10,621.80,31.0900,652.8900,590.7100,Morning,Thursday,January,Good
189-98-2939,C,Naypyitaw,Normal,Male,"Fashion accessories",2019-03-01,13:22:00,Cash,7.2,78.55,9,706.95,35.3475,742.2975,671.6025,Afternoon,Friday,March,Good
190-14-3147,B,Mandalay,Normal,Female,"Health and beauty",2019-02-23,20:43:00,Ewallet,6.4,17.97,4,71.88,3.5940,75.4740,68.2860,Evening,Saturday,February,Bad
190-59-3964,B,Mandalay,Member,Male,"Food and beverages",2019-02-03,14:35:00,"Credit card",6.0,47.16,5,235.80,11.7900,247.5900,224.0100,Afternoon,Sunday,February,Bad
191-10-6171,B,Mandalay,Normal,Female,"Fashion accessories",2019-01-25,13:18:00,Cash,7.5,39.62,7,277.34,13.8670,291.2070,263.4730,Afternoon,Friday,January,Bad
191-29-0321,B,Mandalay,Member,Female,"Fashion accessories",2019-02-27,18:57:00,"Credit card",5.0,19.77,10,197.70,9.8850,207.5850,187.8150,Evening,Wednesday,February,Bad
192-98-7397,C,Naypyitaw,Normal,Male,"Fashion accessories",2019-01-08,14:11:00,Ewallet,9.5,12.78,1,12.78,0.6390,13.4190,12.1410,Afternoon,Tuesday,January,Bad
195-06-0432,A,Yangon,Member,Male,"Home and lifestyle",2019-01-13,12:55:00,"Credit card",9.3,81.01,3,243.03,12.1515,255.1815,230.8785,Afternoon,Sunday,January,Bad
196-01-2849,C,Naypyitaw,Member,Female,"Fashion accessories",2019-02-10,13:56:00,Cash,9.5,73.38,7,513.66,25.6830,539.3430,487.9770,Afternoon,Sunday,February,Good
197-77-7132,B,Mandalay,Member,Male,"Electronic accessories",2019-01-12,18:22:00,Ewallet,6.0,91.56,8,732.48,36.6240,769.1040,695.8560,Evening,Saturday,January,Good
198-66-9832,B,Mandalay,Member,Female,"Fashion accessories",2019-02-04,19:38:00,Cash,9.5,72.04,2,144.08,7.2040,151.2840,136.8760,Evening,Monday,February,Bad
198-84-7132,B,Mandalay,Member,Male,"Fashion accessories",2019-01-02,13:40:00,Cash,7.0,40.61,9,365.49,18.2745,383.7645,347.2155,Afternoon,Wednesday,January,Good
199-75-8169,A,Yangon,Member,Male,"Sports and travel",2019-03-06,12:27:00,"Credit card",8.6,15.81,10,158.10,7.9050,166.0050,150.1950,Afternoon,Wednesday,March,Bad
200-16-5952,C,Naypyitaw,Member,Male,"Food and beverages",2019-01-17,16:46:00,Cash,6.0,65.65,2,131.30,6.5650,137.8650,124.7350,Evening,Thursday,January,Bad
200-40-6154,B,Mandalay,Member,Male,"Home and lifestyle",2019-02-09,11:45:00,Cash,5.7,65.91,6,395.46,19.7730,415.2330,375.6870,Morning,Saturday,February,Good
201-63-8275,C,Naypyitaw,Member,Female,"Sports and travel",2019-02-17,16:50:00,Ewallet,5.7,67.99,7,475.93,23.7965,499.7265,452.1335,Evening,Sunday,February,Good
201-86-2184,B,Mandalay,Member,Female,"Electronic accessories",2019-02-02,19:40:00,Cash,9.9,26.26,7,183.82,9.1910,193.0110,174.6290,Evening,Saturday,February,Bad
207-73-1363,B,Mandalay,Normal,Male,"Health and beauty",2019-03-01,12:15:00,Ewallet,8.1,69.51,2,139.02,6.9510,145.9710,132.0690,Afternoon,Friday,March,Bad
209-61-0206,A,Yangon,Normal,Female,"Home and lifestyle",2019-01-05,17:29:00,Ewallet,6.1,42.91,5,214.55,10.7275,225.2775,203.8225,Evening,Saturday,January,Bad
210-30-7976,B,Mandalay,Member,Female,"Fashion accessories",2019-03-14,11:16:00,Ewallet,4.1,22.32,4,89.28,4.4640,93.7440,84.8160,Morning,Thursday,March,Bad
210-57-1719,B,Mandalay,Normal,Female,"Health and beauty",2019-02-05,12:34:00,Cash,9.7,58.24,9,524.16,26.2080,550.3680,497.9520,Afternoon,Tuesday,February,Good
210-67-5886,C,Naypyitaw,Member,Female,"Health and beauty",2019-02-05,10:41:00,"Credit card",7.8,98.21,3,294.63,14.7315,309.3615,279.8985,Morning,Tuesday,February,Bad
210-74-9613,C,Naypyitaw,Normal,Male,"Fashion accessories",2019-03-16,15:33:00,Ewallet,6.8,97.26,4,389.04,19.4520,408.4920,369.5880,Afternoon,Saturday,March,Good
211-05-0490,C,Naypyitaw,Member,Female,"Electronic accessories",2019-03-03,13:42:00,Cash,7.5,51.92,5,259.60,12.9800,272.5800,246.6200,Afternoon,Sunday,March,Bad
211-30-9270,C,Naypyitaw,Normal,Male,"Health and beauty",2019-01-28,15:16:00,"Credit card",4.9,17.41,5,87.05,4.3525,91.4025,82.6975,Afternoon,Monday,January,Bad
212-62-1842,A,Yangon,Normal,Male,"Food and beverages",2019-03-28,16:44:00,Cash,9.9,58.26,6,349.56,17.4780,367.0380,332.0820,Evening,Thursday,March,Good
213-32-1216,A,Yangon,Normal,Female,"Electronic accessories",2019-01-23,10:28:00,Cash,7.3,66.06,6,396.36,19.8180,416.1780,376.5420,Morning,Wednesday,January,Good
213-72-6612,A,Yangon,Normal,Male,"Food and beverages",2019-03-20,15:56:00,Cash,6.2,43.25,2,86.50,4.3250,90.8250,82.1750,Afternoon,Wednesday,March,Bad
214-17-6927,C,Naypyitaw,Normal,Female,"Food and beverages",2019-02-07,18:23:00,Ewallet,9.9,16.48,6,98.88,4.9440,103.8240,93.9360,Evening,Thursday,February,Bad
214-30-2776,B,Mandalay,Member,Female,"Electronic accessories",2019-03-11,19:44:00,"Credit card",9.0,34.49,5,172.45,8.6225,181.0725,163.8275,Evening,Monday,March,Bad
217-58-1179,A,Yangon,Member,Male,"Home and lifestyle",2019-01-05,11:25:00,Cash,4.2,62.65,4,250.60,12.5300,263.1300,238.0700,Morning,Saturday,January,Bad
218-59-9410,A,Yangon,Member,Female,"Home and lifestyle",2019-03-29,16:54:00,Ewallet,8.2,72.42,3,217.26,10.8630,228.1230,206.3970,Evening,Friday,March,Bad
219-22-9386,B,Mandalay,Member,Male,"Sports and travel",2019-03-09,17:26:00,"Credit card",4.2,99.96,9,899.64,44.9820,944.6220,854.6580,Evening,Saturday,March,Good
219-61-4139,C,Naypyitaw,Normal,Male,"Electronic accessories",2019-01-23,17:16:00,Ewallet,6.4,83.08,1,83.08,4.1540,87.2340,78.9260,Evening,Wednesday,January,Bad
220-28-1851,A,Yangon,Normal,Male,"Home and lifestyle",2019-03-01,18:14:00,Ewallet,9.7,34.73,2,69.46,3.4730,72.9330,65.9870,Evening,Friday,March,Bad
220-68-6701,A,Yangon,Normal,Female,"Home and lifestyle",2019-03-17,16:36:00,Cash,4.2,77.47,4,309.88,15.4940,325.3740,294.3860,Evening,Sunday,March,Good
221-25-5073,A,Yangon,Normal,Female,"Food and beverages",2019-03-04,10:39:00,Cash,8.5,74.66,4,298.64,14.9320,313.5720,283.7080,Morning,Monday,March,Bad
222-42-0244,B,Mandalay,Member,Female,"Health and beauty",2019-01-28,13:53:00,"Credit card",7.7,72.11,9,648.99,32.4495,681.4395,616.5405,Afternoon,Monday,January,Good
225-32-0908,C,Naypyitaw,Normal,Female,"Sports and travel",2019-01-26,19:54:00,Ewallet,8.2,44.86,10,448.60,22.4300,471.0300,426.1700,Evening,Saturday,January,Good
225-98-1496,C,Naypyitaw,Normal,Female,"Fashion accessories",2019-03-02,13:01:00,"Credit card",7.1,27.02,3,81.06,4.0530,85.1130,77.0070,Afternoon,Saturday,March,Bad
226-31-3081,C,Naypyitaw,Normal,Female,"Electronic accessories",2019-03-08,10:29:00,Cash,9.6,15.28,5,76.40,3.8200,80.2200,72.5800,Morning,Friday,March,Bad
226-34-0034,B,Mandalay,Normal,Female,"Electronic accessories",2019-01-10,11:10:00,Ewallet,9.0,13.78,4,55.12,2.7560,57.8760,52.3640,Morning,Thursday,January,Bad
226-71-3580,C,Naypyitaw,Normal,Female,"Sports and travel",2019-01-31,12:02:00,Cash,9.5,23.75,9,213.75,10.6875,224.4375,203.0625,Afternoon,Thursday,January,Bad
227-03-5010,A,Yangon,Member,Female,"Home and lifestyle",2019-03-22,19:20:00,"Credit card",8.5,52.59,8,420.72,21.0360,441.7560,399.6840,Evening,Friday,March,Good
227-07-4446,C,Naypyitaw,Member,Female,"Electronic accessories",2019-02-10,20:51:00,Cash,4.4,78.13,10,781.30,39.0650,820.3650,742.2350,Evening,Sunday,February,Good
227-50-3718,A,Yangon,Normal,Male,"Health and beauty",2019-03-04,12:23:00,Cash,4.4,14.62,5,73.10,3.6550,76.7550,69.4450,Afternoon,Monday,March,Bad
227-78-1148,B,Mandalay,Normal,Female,"Fashion accessories",2019-02-15,12:44:00,Cash,8.4,72.84,7,509.88,25.4940,535.3740,484.3860,Afternoon,Friday,February,Good
228-96-1411,C,Naypyitaw,Member,Female,"Food and beverages",2019-03-04,20:39:00,Cash,7.6,98.70,8,789.60,39.4800,829.0800,750.1200,Evening,Monday,March,Good
232-11-3025,A,Yangon,Normal,Male,"Sports and travel",2019-01-24,10:04:00,Cash,6.4,78.77,10,787.70,39.3850,827.0850,748.3150,Morning,Thursday,January,Good
232-16-2483,C,Naypyitaw,Member,Female,"Sports and travel",2019-01-07,12:28:00,Ewallet,6.8,68.12,1,68.12,3.4060,71.5260,64.7140,Afternoon,Monday,January,Bad
233-34-0817,C,Naypyitaw,Member,Female,"Electronic accessories",2019-02-15,11:21:00,Cash,8.4,98.84,1,98.84,4.9420,103.7820,93.8980,Morning,Friday,February,Bad
233-67-5758,C,Naypyitaw,Normal,Male,"Health and beauty",2019-01-29,13:46:00,Ewallet,6.2,40.35,1,40.35,2.0175,42.3675,38.3325,Afternoon,Tuesday,January,Bad
234-03-4040,B,Mandalay,Member,Female,"Food and beverages",2019-03-03,12:25:00,"Credit card",8.7,73.05,10,730.50,36.5250,767.0250,693.9750,Afternoon,Sunday,March,Good
234-36-2483,B,Mandalay,Normal,Male,"Health and beauty",2019-02-15,13:51:00,Cash,5.1,57.59,6,345.54,17.2770,362.8170,328.2630,Afternoon,Friday,February,Good
234-65-2137,C,Naypyitaw,Normal,Male,"Home and lifestyle",2019-01-16,13:32:00,Cash,4.8,95.58,10,955.80,47.7900,1003.5900,908.0100,Afternoon,Wednesday,January,Good
235-06-8510,C,Naypyitaw,Member,Male,"Home and lifestyle",2019-01-24,20:59:00,Ewallet,5.1,85.72,3,257.16,12.8580,270.0180,244.3020,Evening,Thursday,January,Bad
235-46-8343,C,Naypyitaw,Member,Male,"Food and beverages",2019-02-14,11:26:00,"Credit card",8.9,27.66,10,276.60,13.8300,290.4300,262.7700,Morning,Thursday,February,Bad
236-27-1144,C,Naypyitaw,Normal,Female,"Food and beverages",2019-03-26,10:31:00,Ewallet,8.4,16.31,9,146.79,7.3395,154.1295,139.4505,Morning,Tuesday,March,Bad
236-86-3015,C,Naypyitaw,Member,Male,"Home and lifestyle",2019-02-04,13:38:00,Ewallet,9.8,13.98,1,13.98,0.6990,14.6790,13.2810,Afternoon,Monday,February,Bad
237-01-6122,C,Naypyitaw,Member,Female,"Home and lifestyle",2019-02-01,20:31:00,"Credit card",9.5,80.79,9,727.11,36.3555,763.4655,690.7545,Evening,Friday,February,Good
237-44-6163,A,Yangon,Normal,Male,"Electronic accessories",2019-01-24,17:43:00,Cash,7.6,10.56,8,84.48,4.2240,88.7040,80.2560,Evening,Thursday,January,Bad
238-45-6950,B,Mandalay,Member,Male,"Food and beverages",2019-03-01,20:03:00,Ewallet,6.4,53.72,1,53.72,2.6860,56.4060,51.0340,Evening,Friday,March,Bad
238-49-0436,A,Yangon,Normal,Male,"Health and beauty",2019-03-27,13:48:00,"Credit card",4.9,32.46,8,259.68,12.9840,272.6640,246.6960,Afternoon,Wednesday,March,Bad
239-10-7476,A,Yangon,Normal,Female,"Home and lifestyle",2019-01-21,16:37:00,Ewallet,8.0,77.95,6,467.70,23.3850,491.0850,444.3150,Evening,Monday,January,Good
239-36-3640,B,Mandalay,Normal,Male,"Electronic accessories",2019-01-31,13:44:00,Ewallet,6.1,45.35,6,272.10,13.6050,285.7050,258.4950,Afternoon,Thursday,January,Bad
239-48-4278,A,Yangon,Member,Male,"Food and beverages",2019-03-10,19:35:00,Ewallet,8.3,10.13,7,70.91,3.5455,74.4555,67.3645,Evening,Sunday,March,Bad
241-11-2261,B,Mandalay,Normal,Female,"Fashion accessories",2019-01-10,10:33:00,"Credit card",5.5,79.86,7,559.02,27.9510,586.9710,531.0690,Morning,Thursday,January,Good
241-72-9525,B,Mandalay,Normal,Male,"Sports and travel",2019-02-16,12:21:00,Cash,8.2,51.91,10,519.10,25.9550,545.0550,493.1450,Afternoon,Saturday,February,Good
241-96-5076,B,Mandalay,Member,Female,"Home and lifestyle",2019-01-08,12:58:00,"Credit card",6.4,49.10,2,98.20,4.9100,103.1100,93.2900,Afternoon,Tuesday,January,Bad
242-11-3142,B,Mandalay,Member,Male,"Fashion accessories",2019-02-24,19:57:00,Cash,4.6,83.77,2,167.54,8.3770,175.9170,159.1630,Evening,Sunday,February,Bad
242-55-6721,B,Mandalay,Normal,Male,"Home and lifestyle",2019-03-07,11:49:00,Ewallet,6.5,16.16,2,32.32,1.6160,33.9360,30.7040,Morning,Thursday,March,Bad
243-47-2663,C,Naypyitaw,Member,Male,"Electronic accessories",2019-01-28,16:43:00,"Credit card",5.5,18.77,6,112.62,5.6310,118.2510,106.9890,Evening,Monday,January,Bad
243-55-8457,A,Yangon,Normal,Female,"Food and beverages",2019-02-27,11:40:00,Ewallet,5.1,74.44,10,744.40,37.2200,781.6200,707.1800,Morning,Wednesday,February,Good
244-08-0162,B,Mandalay,Normal,Female,"Health and beauty",2019-01-02,13:00:00,Cash,5.1,34.21,10,342.10,17.1050,359.2050,324.9950,Afternoon,Wednesday,January,Good
246-11-3901,C,Naypyitaw,Normal,Female,"Electronic accessories",2019-02-15,12:12:00,Cash,6.2,32.80,10,328.00,16.4000,344.4000,311.6000,Afternoon,Friday,February,Good
246-55-6923,C,Naypyitaw,Member,Female,"Home and lifestyle",2019-03-10,15:06:00,"Credit card",5.1,35.79,9,322.11,16.1055,338.2155,306.0045,Afternoon,Sunday,March,Good
247-11-2470,A,Yangon,Member,Female,"Fashion accessories",2019-03-01,16:23:00,"Credit card",4.4,22.32,4,89.28,4.4640,93.7440,84.8160,Evening,Friday,March,Bad
249-42-3782,A,Yangon,Normal,Male,"Health and beauty",2019-01-03,11:36:00,Ewallet,5.5,70.01,5,350.05,17.5025,367.5525,332.5475,Morning,Thursday,January,Good
250-17-5703,A,Yangon,Member,Male,"Food and beverages",2019-02-27,18:24:00,Ewallet,5.6,18.85,10,188.50,9.4250,197.9250,179.0750,Evening,Wednesday,February,Bad
250-81-7186,C,Naypyitaw,Normal,Female,"Electronic accessories",2019-02-27,10:23:00,"Credit card",8.0,99.69,1,99.69,4.9845,104.6745,94.7055,Morning,Wednesday,February,Bad
252-56-2699,A,Yangon,Normal,Male,"Food and beverages",2019-02-07,16:48:00,Ewallet,8.2,43.19,10,431.90,21.5950,453.4950,410.3050,Evening,Thursday,February,Good
253-12-6086,A,Yangon,Member,Female,"Sports and travel",2019-03-12,12:43:00,"Credit card",8.7,98.40,7,688.80,34.4400,723.2400,654.3600,Afternoon,Tuesday,March,Good
254-31-0042,A,Yangon,Member,Male,"Electronic accessories",2019-03-06,12:46:00,"Credit card",7.8,21.50,9,193.50,9.6750,203.1750,183.8250,Afternoon,Wednesday,March,Bad
256-08-8343,A,Yangon,Normal,Female,"Home and lifestyle",2019-03-04,19:48:00,Ewallet,5.5,56.53,4,226.12,11.3060,237.4260,214.8140,Evening,Monday,March,Bad
256-58-3609,C,Naypyitaw,Member,Male,"Fashion accessories",2019-03-18,15:29:00,Cash,9.8,91.98,1,91.98,4.5990,96.5790,87.3810,Afternoon,Monday,March,Bad
257-60-7754,A,Yangon,Normal,Female,"Electronic accessories",2019-01-08,17:12:00,Cash,9.0,50.23,4,200.92,10.0460,210.9660,190.8740,Evening,Tuesday,January,Bad
257-73-1380,C,Naypyitaw,Member,Male,"Sports and travel",2019-01-20,16:51:00,Ewallet,9.6,82.93,4,331.72,16.5860,348.3060,315.1340,Evening,Sunday,January,Good
258-69-7810,C,Naypyitaw,Normal,Female,"Fashion accessories",2019-01-26,18:53:00,Cash,9.2,36.85,5,184.25,9.2125,193.4625,175.0375,Evening,Saturday,January,Bad
258-92-7466,A,Yangon,Normal,Female,"Health and beauty",2019-02-06,18:33:00,"Credit card",6.6,35.68,5,178.40,8.9200,187.3200,169.4800,Evening,Wednesday,February,Bad
261-12-8671,B,Mandalay,Normal,Female,"Fashion accessories",2019-01-25,19:39:00,"Credit card",4.9,60.96,2,121.92,6.0960,128.0160,115.8240,Evening,Friday,January,Bad
262-47-2794,B,Mandalay,Member,Male,"Home and lifestyle",2019-03-06,15:07:00,"Credit card",6.2,71.86,8,574.88,28.7440,603.6240,546.1360,Afternoon,Wednesday,March,Good
263-10-3913,C,Naypyitaw,Member,Male,"Fashion accessories",2019-01-09,14:20:00,"Credit card",8.6,49.04,9,441.36,22.0680,463.4280,419.2920,Afternoon,Wednesday,January,Good
263-12-5321,A,Yangon,Member,Male,"Electronic accessories",2019-02-27,12:52:00,"Credit card",9.3,92.60,7,648.20,32.4100,680.6100,615.7900,Afternoon,Wednesday,February,Good
263-87-5680,C,Naypyitaw,Member,Female,"Home and lifestyle",2019-03-18,17:38:00,Ewallet,7.8,28.53,10,285.30,14.2650,299.5650,271.0350,Evening,Monday,March,Bad
266-20-6657,C,Naypyitaw,Member,Male,"Food and beverages",2019-03-12,19:39:00,Ewallet,5.2,55.04,7,385.28,19.2640,404.5440,366.0160,Evening,Tuesday,March,Good
266-76-6436,C,Naypyitaw,Member,Female,"Food and beverages",2019-03-28,13:57:00,Ewallet,7.5,38.60,3,115.80,5.7900,121.5900,110.0100,Afternoon,Thursday,March,Bad
267-62-7380,C,Naypyitaw,Member,Male,"Electronic accessories",2019-03-29,19:12:00,Ewallet,4.3,82.34,10,823.40,41.1700,864.5700,782.2300,Evening,Friday,March,Good
268-03-6164,B,Mandalay,Normal,Male,"Health and beauty",2019-01-25,16:28:00,Ewallet,7.8,96.11,1,96.11,4.8055,100.9155,91.3045,Evening,Friday,January,Bad
268-20-3585,C,Naypyitaw,Normal,Female,"Health and beauty",2019-02-04,12:50:00,Ewallet,6.0,13.85,9,124.65,6.2325,130.8825,118.4175,Afternoon,Monday,February,Bad
268-27-6179,B,Mandalay,Member,Female,"Fashion accessories",2019-03-09,14:57:00,Ewallet,7.3,56.47,8,451.76,22.5880,474.3480,429.1720,Afternoon,Saturday,March,Good
269-04-5750,B,Mandalay,Member,Male,"Fashion accessories",2019-02-21,18:31:00,Cash,6.7,73.82,4,295.28,14.7640,310.0440,280.5160,Evening,Thursday,February,Bad
269-10-8440,A,Yangon,Member,Male,"Health and beauty",2019-01-21,18:01:00,Cash,8.9,53.17,7,372.19,18.6095,390.7995,353.5805,Evening,Monday,January,Good
271-77-8740,C,Naypyitaw,Member,Female,"Sports and travel",2019-01-01,11:40:00,Ewallet,5.0,29.22,6,175.32,8.7660,184.0860,166.5540,Morning,Tuesday,January,Bad
271-88-8734,C,Naypyitaw,Member,Female,"Fashion accessories",2019-02-08,13:00:00,"Credit card",8.7,97.21,10,972.10,48.6050,1020.7050,923.4950,Afternoon,Friday,February,Good
272-27-9238,C,Naypyitaw,Normal,Female,"Food and beverages",2019-02-19,16:23:00,Cash,7.1,41.24,4,164.96,8.2480,173.2080,156.7120,Evening,Tuesday,February,Bad
272-65-1806,A,Yangon,Normal,Female,"Electronic accessories",2019-01-15,17:17:00,Ewallet,4.7,60.88,9,547.92,27.3960,575.3160,520.5240,Evening,Tuesday,January,Good
273-16-6619,B,Mandalay,Normal,Male,"Home and lifestyle",2019-03-15,12:20:00,"Credit card",4.4,33.20,2,66.40,3.3200,69.7200,63.0800,Afternoon,Friday,March,Bad
273-84-2164,C,Naypyitaw,Member,Male,"Electronic accessories",2019-02-16,15:53:00,Ewallet,5.5,12.05,5,60.25,3.0125,63.2625,57.2375,Afternoon,Saturday,February,Bad
274-05-5470,A,Yangon,Member,Female,"Food and beverages",2019-02-23,18:30:00,Cash,6.0,73.47,4,293.88,14.6940,308.5740,279.1860,Evening,Saturday,February,Bad
275-28-0149,A,Yangon,Normal,Male,"Sports and travel",2019-02-25,16:21:00,Cash,6.0,63.69,1,63.69,3.1845,66.8745,60.5055,Evening,Monday,February,Bad
276-54-0879,B,Mandalay,Normal,Male,"Sports and travel",2019-03-12,19:53:00,Ewallet,6.4,97.74,4,390.96,19.5480,410.5080,371.4120,Evening,Tuesday,March,Good
276-75-6884,A,Yangon,Normal,Female,"Health and beauty",2019-03-04,10:05:00,Cash,8.7,68.71,3,206.13,10.3065,216.4365,195.8235,Morning,Monday,March,Bad
277-35-5865,C,Naypyitaw,Member,Female,"Food and beverages",2019-03-09,11:23:00,Cash,6.7,98.97,9,890.73,44.5365,935.2665,846.1935,Morning,Saturday,March,Good
277-63-2961,B,Mandalay,Member,Male,"Sports and travel",2019-02-03,15:53:00,"Credit card",5.4,73.97,1,73.97,3.6985,77.6685,70.2715,Afternoon,Sunday,February,Bad
278-86-2735,A,Yangon,Normal,Female,"Food and beverages",2019-03-27,14:03:00,Cash,9.2,52.34,3,157.02,7.8510,164.8710,149.1690,Afternoon,Wednesday,March,Bad
278-97-7759,A,Yangon,Member,Female,"Electronic accessories",2019-02-18,20:29:00,Cash,4.7,62.48,1,62.48,3.1240,65.6040,59.3560,Evening,Monday,February,Bad
279-62-1445,C,Naypyitaw,Member,Female,"Fashion accessories",2019-02-21,12:38:00,Cash,8.2,12.54,1,12.54,0.6270,13.1670,11.9130,Afternoon,Thursday,February,Bad
279-74-2924,B,Mandalay,Member,Male,"Electronic accessories",2019-01-04,19:40:00,Cash,6.1,72.17,1,72.17,3.6085,75.7785,68.5615,Evening,Friday,January,Bad
280-17-4359,C,Naypyitaw,Member,Male,"Health and beauty",2019-01-25,13:48:00,Cash,8.1,90.50,10,905.00,45.2500,950.2500,859.7500,Afternoon,Friday,January,Good
280-35-5823,B,Mandalay,Member,Female,"Home and lifestyle",2019-01-17,18:45:00,Ewallet,7.9,86.72,1,86.72,4.3360,91.0560,82.3840,Evening,Thursday,January,Bad
282-35-2475,B,Mandalay,Normal,Female,"Sports and travel",2019-03-25,17:53:00,Cash,6.3,93.31,2,186.62,9.3310,195.9510,177.2890,Evening,Monday,March,Bad
283-26-5248,C,Naypyitaw,Member,Female,"Food and beverages",2019-01-30,20:23:00,Ewallet,4.5,98.52,10,985.20,49.2600,1034.4600,935.9400,Evening,Wednesday,January,Good
283-79-9594,B,Mandalay,Normal,Female,"Food and beverages",2019-01-25,13:30:00,"Credit card",5.2,48.51,7,339.57,16.9785,356.5485,322.5915,Afternoon,Friday,January,Good
284-34-9626,B,Mandalay,Normal,Female,"Home and lifestyle",2019-02-11,10:39:00,"Credit card",7.2,77.04,3,231.12,11.5560,242.6760,219.5640,Morning,Monday,February,Bad
284-54-4231,C,Naypyitaw,Member,Male,"Sports and travel",2019-01-19,16:08:00,"Credit card",9.0,80.93,1,80.93,4.0465,84.9765,76.8835,Evening,Saturday,January,Bad
286-01-5402,A,Yangon,Normal,Female,"Sports and travel",2019-03-30,13:22:00,Cash,9.6,40.23,7,281.61,14.0805,295.6905,267.5295,Afternoon,Saturday,March,Bad
286-43-6208,C,Naypyitaw,Normal,Female,"Food and beverages",2019-03-16,19:08:00,Cash,9.2,87.80,9,790.20,39.5100,829.7100,750.6900,Evening,Saturday,March,Good
286-62-6248,B,Mandalay,Normal,Male,"Fashion accessories",2019-01-16,20:03:00,"Credit card",9.0,39.21,4,156.84,7.8420,164.6820,148.9980,Evening,Wednesday,January,Bad
286-75-7818,B,Mandalay,Normal,Male,"Fashion accessories",2019-01-31,19:48:00,"Credit card",6.9,69.08,2,138.16,6.9080,145.0680,131.2520,Evening,Thursday,January,Bad
287-21-9091,A,Yangon,Normal,Male,"Home and lifestyle",2019-01-22,10:55:00,Ewallet,9.4,74.67,9,672.03,33.6015,705.6315,638.4285,Morning,Tuesday,January,Good
287-83-1405,A,Yangon,Normal,Male,"Health and beauty",2019-02-12,19:01:00,Ewallet,7.0,25.43,6,152.58,7.6290,160.2090,144.9510,Evening,Tuesday,February,Bad
288-38-3758,C,Naypyitaw,Member,Female,"Fashion accessories",2019-01-25,18:30:00,Ewallet,7.4,84.87,3,254.61,12.7305,267.3405,241.8795,Evening,Friday,January,Bad
288-62-1085,A,Yangon,Member,Male,"Fashion accessories",2019-01-09,13:34:00,Ewallet,5.6,38.54,5,192.70,9.6350,202.3350,183.0650,Afternoon,Wednesday,January,Bad
289-15-7034,A,Yangon,Member,Male,"Sports and travel",2019-01-11,10:37:00,"Credit card",7.5,82.33,4,329.32,16.4660,345.7860,312.8540,Morning,Friday,January,Good
289-65-5721,B,Mandalay,Normal,Female,"Fashion accessories",2019-01-26,19:28:00,Cash,6.5,81.37,2,162.74,8.1370,170.8770,154.6030,Evening,Saturday,January,Bad
290-68-2984,A,Yangon,Normal,Male,"Home and lifestyle",2019-03-16,11:22:00,Cash,5.2,23.75,4,95.00,4.7500,99.7500,90.2500,Morning,Saturday,March,Bad
291-21-5991,B,Mandalay,Member,Male,"Health and beauty",2019-03-29,14:28:00,Cash,7.0,61.29,5,306.45,15.3225,321.7725,291.1275,Afternoon,Friday,March,Bad
291-32-1427,B,Mandalay,Member,Male,"Fashion accessories",2019-03-05,12:29:00,Ewallet,5.3,21.94,5,109.70,5.4850,115.1850,104.2150,Afternoon,Tuesday,March,Bad
291-55-6563,A,Yangon,Member,Female,"Home and lifestyle",2019-03-30,12:45:00,Ewallet,7.5,34.42,6,206.52,10.3260,216.8460,196.1940,Afternoon,Saturday,March,Bad
291-59-1384,B,Mandalay,Normal,Male,"Electronic accessories",2019-02-28,17:38:00,Cash,6.0,60.30,1,60.30,3.0150,63.3150,57.2850,Evening,Thursday,February,Bad
296-11-7041,B,Mandalay,Member,Female,"Health and beauty",2019-01-12,20:07:00,"Credit card",5.3,27.07,1,27.07,1.3535,28.4235,25.7165,Evening,Saturday,January,Bad
299-29-0180,B,Mandalay,Member,Female,"Home and lifestyle",2019-03-09,10:54:00,Cash,9.3,52.18,7,365.26,18.2630,383.5230,346.9970,Morning,Saturday,March,Good
299-46-1805,B,Mandalay,Member,Female,"Sports and travel",2019-01-15,16:19:00,Cash,4.5,93.72,6,562.32,28.1160,590.4360,534.2040,Evening,Tuesday,January,Good
300-71-4605,C,Naypyitaw,Member,Male,"Electronic accessories",2019-02-25,11:24:00,Ewallet,4.8,86.04,5,430.20,21.5100,451.7100,408.6900,Morning,Monday,February,Good
301-11-9629,A,Yangon,Normal,Female,"Sports and travel",2019-01-15,10:43:00,Cash,9.7,19.10,7,133.70,6.6850,140.3850,127.0150,Morning,Tuesday,January,Bad
301-81-8610,B,Mandalay,Member,Male,"Fashion accessories",2019-03-19,19:42:00,"Credit card",6.7,25.42,8,203.36,10.1680,213.5280,193.1920,Evening,Tuesday,March,Bad
302-15-2162,C,Naypyitaw,Member,Male,"Health and beauty",2019-03-03,10:54:00,"Credit card",4.3,46.53,6,279.18,13.9590,293.1390,265.2210,Morning,Sunday,March,Bad
303-96-2227,B,Mandalay,Normal,Female,"Home and lifestyle",2019-03-02,17:16:00,Ewallet,4.4,97.38,10,973.80,48.6900,1022.4900,925.1100,Evening,Saturday,March,Good
305-03-2383,A,Yangon,Normal,Female,"Food and beverages",2019-02-15,10:36:00,Cash,7.5,67.10,3,201.30,10.0650,211.3650,191.2350,Morning,Friday,February,Bad
305-14-0245,B,Mandalay,Member,Female,"Home and lifestyle",2019-03-03,19:00:00,Ewallet,7.5,94.49,8,755.92,37.7960,793.7160,718.1240,Evening,Sunday,March,Good
305-18-3552,B,Mandalay,Member,Male,"Home and lifestyle",2019-02-12,16:19:00,Cash,6.0,60.38,10,603.80,30.1900,633.9900,573.6100,Evening,Tuesday,February,Good
305-89-2768,B,Mandalay,Member,Female,"Home and lifestyle",2019-01-09,18:43:00,Ewallet,4.7,21.90,3,65.70,3.2850,68.9850,62.4150,Evening,Wednesday,January,Bad
307-04-2070,A,Yangon,Member,Female,"Fashion accessories",2019-02-05,14:14:00,"Credit card",4.1,30.62,1,30.62,1.5310,32.1510,29.0890,Afternoon,Tuesday,February,Bad
307-83-9164,A,Yangon,Member,Male,"Home and lifestyle",2019-01-25,15:54:00,Cash,4.5,60.01,4,240.04,12.0020,252.0420,228.0380,Afternoon,Friday,January,Bad
307-85-2293,B,Mandalay,Normal,Male,"Home and lifestyle",2019-03-07,13:58:00,Ewallet,9.7,50.28,5,251.40,12.5700,263.9700,238.8300,Afternoon,Thursday,March,Bad
308-39-1707,A,Yangon,Normal,Female,"Fashion accessories",2019-01-26,18:19:00,"Credit card",8.2,12.09,1,12.09,0.6045,12.6945,11.4855,Evening,Saturday,January,Bad
308-47-4913,A,Yangon,Member,Female,"Sports and travel",2019-03-09,12:45:00,"Credit card",6.2,52.26,10,522.60,26.1300,548.7300,496.4700,Afternoon,Saturday,March,Good
308-81-0538,A,Yangon,Normal,Female,"Fashion accessories",2019-02-25,17:16:00,"Credit card",4.9,73.05,4,292.20,14.6100,306.8100,277.5900,Evening,Monday,February,Bad
311-13-6971,B,Mandalay,Member,Male,"Sports and travel",2019-02-20,15:18:00,"Credit card",9.9,31.99,10,319.90,15.9950,335.8950,303.9050,Afternoon,Wednesday,February,Good
313-66-9943,B,Mandalay,Member,Female,"Food and beverages",2019-03-27,20:29:00,"Credit card",7.3,29.15,3,87.45,4.3725,91.8225,83.0775,Evening,Wednesday,March,Bad
314-23-4520,C,Naypyitaw,Member,Male,"Health and beauty",2019-01-15,20:44:00,Cash,9.0,81.23,7,568.61,28.4305,597.0405,540.1795,Evening,Tuesday,January,Good
315-22-5665,C,Naypyitaw,Normal,Female,"Home and lifestyle",2019-02-24,11:38:00,Ewallet,8.0,73.56,10,735.60,36.7800,772.3800,698.8200,Morning,Sunday,February,Good
316-01-3952,A,Yangon,Normal,Female,"Food and beverages",2019-03-13,14:16:00,Ewallet,4.6,54.27,5,271.35,13.5675,284.9175,257.7825,Afternoon,Wednesday,March,Bad
316-55-4634,B,Mandalay,Member,Male,"Food and beverages",2019-01-26,12:45:00,"Credit card",9.4,80.05,5,400.25,20.0125,420.2625,380.2375,Afternoon,Saturday,January,Good
316-66-3011,A,Yangon,Member,Female,"Food and beverages",2019-01-23,12:35:00,Cash,5.0,47.63,9,428.67,21.4335,450.1035,407.2365,Afternoon,Wednesday,January,Good
316-68-6352,A,Yangon,Member,Female,"Food and beverages",2019-01-21,10:00:00,Cash,7.1,36.36,2,72.72,3.6360,76.3560,69.0840,Morning,Monday,January,Bad
318-12-0304,A,Yangon,Normal,Male,"Fashion accessories",2019-01-23,12:20:00,Ewallet,5.2,30.61,1,30.61,1.5305,32.1405,29.0795,Afternoon,Wednesday,January,Bad
318-68-5053,B,Mandalay,Normal,Female,"Health and beauty",2019-02-27,17:55:00,Cash,6.1,76.99,6,461.94,23.0970,485.0370,438.8430,Evening,Wednesday,February,Good
318-81-2368,C,Naypyitaw,Normal,Female,"Electronic accessories",2019-03-19,12:16:00,Cash,6.3,46.20,1,46.20,2.3100,48.5100,43.8900,Afternoon,Tuesday,March,Bad
319-50-3348,B,Mandalay,Normal,Female,"Home and lifestyle",2019-03-11,15:30:00,Ewallet,4.4,40.30,2,80.60,4.0300,84.6300,76.5700,Afternoon,Monday,March,Bad
319-74-2561,A,Yangon,Member,Female,"Electronic accessories",2019-02-21,16:55:00,Cash,5.5,94.64,3,283.92,14.1960,298.1160,269.7240,Evening,Thursday,February,Bad
320-32-8842,C,Naypyitaw,Member,Female,"Food and beverages",2019-03-17,18:58:00,Cash,6.4,22.62,1,22.62,1.1310,23.7510,21.4890,Evening,Sunday,March,Bad
320-49-6392,C,Naypyitaw,Normal,Female,"Electronic accessories",2019-03-04,15:44:00,Cash,8.4,30.24,1,30.24,1.5120,31.7520,28.7280,Afternoon,Monday,March,Bad
320-85-2052,B,Mandalay,Normal,Female,"Sports and travel",2019-01-14,10:11:00,"Credit card",7.0,34.81,1,34.81,1.7405,36.5505,33.0695,Morning,Monday,January,Bad
321-49-7382,B,Mandalay,Member,Male,"Sports and travel",2019-02-15,17:38:00,"Credit card",5.2,88.31,1,88.31,4.4155,92.7255,83.8945,Evening,Friday,February,Bad
322-02-2271,B,Mandalay,Normal,Female,"Sports and travel",2019-02-03,11:46:00,Cash,9.3,42.97,3,128.91,6.4455,135.3555,122.4645,Morning,Sunday,February,Bad
324-41-6833,C,Naypyitaw,Member,Female,"Electronic accessories",2019-03-03,19:30:00,Ewallet,5.1,30.20,8,241.60,12.0800,253.6800,229.5200,Evening,Sunday,March,Bad
324-92-3863,A,Yangon,Member,Male,"Electronic accessories",2019-02-05,18:45:00,Cash,9.8,20.89,2,41.78,2.0890,43.8690,39.6910,Evening,Tuesday,February,Bad
325-77-6186,A,Yangon,Member,Female,"Home and lifestyle",2019-03-08,10:53:00,Ewallet,7.3,90.65,10,906.50,45.3250,951.8250,861.1750,Morning,Friday,March,Good
325-89-4209,A,Yangon,Member,Male,"Food and beverages",2019-02-05,19:42:00,Ewallet,6.7,87.90,1,87.90,4.3950,92.2950,83.5050,Evening,Tuesday,February,Bad
325-90-8763,C,Naypyitaw,Member,Female,"Electronic accessories",2019-01-27,13:58:00,Cash,7.6,46.57,10,465.70,23.2850,488.9850,442.4150,Afternoon,Sunday,January,Good
326-71-2155,C,Naypyitaw,Normal,Female,"Sports and travel",2019-02-03,10:02:00,Cash,6.1,73.95,4,295.80,14.7900,310.5900,281.0100,Morning,Sunday,February,Bad
326-78-5178,C,Naypyitaw,Member,Male,"Food and beverages",2019-02-03,10:19:00,Cash,9.5,91.40,7,639.80,31.9900,671.7900,607.8100,Morning,Sunday,February,Good
327-40-9673,B,Mandalay,Member,Male,"Sports and travel",2019-01-13,19:51:00,Cash,6.9,72.60,6,435.60,21.7800,457.3800,413.8200,Evening,Sunday,January,Good
329-62-1586,A,Yangon,Normal,Male,"Food and beverages",2019-01-21,18:00:00,"Credit card",8.6,54.67,3,164.01,8.2005,172.2105,155.8095,Evening,Monday,January,Bad
333-23-2632,A,Yangon,Member,Male,"Health and beauty",2019-03-28,20:14:00,Cash,4.2,10.08,7,70.56,3.5280,74.0880,67.0320,Evening,Thursday,March,Bad
333-73-7901,C,Naypyitaw,Normal,Female,"Health and beauty",2019-03-23,13:24:00,Ewallet,7.6,54.92,8,439.36,21.9680,461.3280,417.3920,Afternoon,Saturday,March,Good
334-64-2006,A,Yangon,Member,Female,"Home and lifestyle",2019-03-24,14:22:00,Ewallet,9.6,70.32,2,140.64,7.0320,147.6720,133.6080,Afternoon,Sunday,March,Bad
336-78-2147,C,Naypyitaw,Member,Male,"Home and lifestyle",2019-03-13,19:52:00,"Credit card",4.6,63.91,8,511.28,25.5640,536.8440,485.7160,Evening,Wednesday,March,Good
338-65-2210,C,Naypyitaw,Member,Female,"Health and beauty",2019-02-05,19:57:00,Cash,9.1,68.60,10,686.00,34.3000,720.3000,651.7000,Evening,Tuesday,February,Good
339-12-4827,B,Mandalay,Member,Female,"Fashion accessories",2019-01-05,11:32:00,"Credit card",5.0,73.96,1,73.96,3.6980,77.6580,70.2620,Morning,Saturday,January,Bad
339-18-7061,C,Naypyitaw,Member,Female,"Fashion accessories",2019-02-13,15:06:00,"Credit card",8.0,92.98,2,185.96,9.2980,195.2580,176.6620,Afternoon,Wednesday,February,Bad
339-38-9982,B,Mandalay,Member,Male,"Fashion accessories",2019-01-13,14:55:00,Ewallet,6.7,59.86,2,119.72,5.9860,125.7060,113.7340,Afternoon,Sunday,January,Bad
339-96-8318,B,Mandalay,Member,Male,"Fashion accessories",2019-03-01,19:49:00,Ewallet,6.3,81.31,7,569.17,28.4585,597.6285,540.7115,Evening,Friday,March,Good
340-21-9136,A,Yangon,Member,Female,"Sports and travel",2019-01-25,11:40:00,Cash,9.7,40.05,4,160.20,8.0100,168.2100,152.1900,Morning,Friday,January,Bad
340-66-0321,A,Yangon,Member,Male,"Electronic accessories",2019-03-25,13:07:00,Cash,7.6,36.36,4,145.44,7.2720,152.7120,138.1680,Afternoon,Monday,March,Bad
342-65-4817,C,Naypyitaw,Member,Male,"Health and beauty",2019-01-28,16:47:00,Ewallet,9.9,86.80,3,260.40,13.0200,273.4200,247.3800,Evening,Monday,January,Bad
343-61-3544,B,Mandalay,Member,Male,"Sports and travel",2019-01-29,11:48:00,Cash,8.6,26.67,10,266.70,13.3350,280.0350,253.3650,Morning,Tuesday,January,Bad
343-75-9322,B,Mandalay,Member,Female,"Sports and travel",2019-01-09,16:34:00,Cash,4.1,11.85,8,94.80,4.7400,99.5400,90.0600,Evening,Wednesday,January,Bad
343-87-0864,C,Naypyitaw,Member,Male,"Health and beauty",2019-01-03,10:30:00,"Credit card",7.1,75.88,1,75.88,3.7940,79.6740,72.0860,Morning,Thursday,January,Bad
345-08-4992,A,Yangon,Normal,Male,"Home and lifestyle",2019-03-08,15:37:00,"Credit card",7.7,33.99,6,203.94,10.1970,214.1370,193.7430,Afternoon,Friday,March,Bad
345-68-9016,C,Naypyitaw,Member,Female,"Sports and travel",2019-01-02,16:19:00,"Credit card",5.6,31.67,8,253.36,12.6680,266.0280,240.6920,Evening,Wednesday,January,Bad
346-12-3257,B,Mandalay,Member,Male,"Electronic accessories",2019-03-04,16:28:00,Cash,8.0,19.24,9,173.16,8.6580,181.8180,164.5020,Evening,Monday,March,Bad
346-84-3103,B,Mandalay,Member,Female,"Electronic accessories",2019-03-02,19:26:00,Cash,4.3,13.22,5,66.10,3.3050,69.4050,62.7950,Evening,Saturday,March,Bad
347-56-2442,A,Yangon,Normal,Male,"Home and lifestyle",2019-02-22,15:33:00,Cash,4.1,65.82,1,65.82,3.2910,69.1110,62.5290,Afternoon,Friday,February,Bad
347-72-6115,B,Mandalay,Member,Female,"Sports and travel",2019-01-16,18:03:00,"Credit card",6.2,90.74,7,635.18,31.7590,666.9390,603.4210,Evening,Wednesday,January,Good
349-97-8902,B,Mandalay,Member,Male,"Food and beverages",2019-01-17,10:37:00,Ewallet,8.9,57.89,2,115.78,5.7890,121.5690,109.9910,Morning,Thursday,January,Bad
351-62-0822,B,Mandalay,Member,Female,"Fashion accessories",2019-02-06,18:07:00,Ewallet,4.5,14.48,4,57.92,2.8960,60.8160,55.0240,Evening,Wednesday,February,Bad
354-25-5821,B,Mandalay,Member,Female,"Sports and travel",2019-02-08,13:03:00,Cash,5.6,69.12,6,414.72,20.7360,435.4560,393.9840,Afternoon,Friday,February,Good
354-39-5160,A,Yangon,Member,Female,"Home and lifestyle",2019-02-18,15:39:00,Cash,9.8,34.42,6,206.52,10.3260,216.8460,196.1940,Afternoon,Monday,February,Bad
355-34-6244,B,Mandalay,Normal,Male,"Food and beverages",2019-01-13,19:55:00,"Credit card",8.1,72.39,2,144.78,7.2390,152.0190,137.5410,Evening,Sunday,January,Bad
355-53-5943,A,Yangon,Member,Female,"Electronic accessories",2019-02-25,14:36:00,Ewallet,5.8,68.84,6,413.04,20.6520,433.6920,392.3880,Afternoon,Monday,February,Good
356-44-8813,B,Mandalay,Normal,Male,"Home and lifestyle",2019-01-20,13:45:00,"Credit card",7.7,37.48,3,112.44,5.6220,118.0620,106.8180,Afternoon,Sunday,January,Bad
358-88-9262,C,Naypyitaw,Member,Female,"Food and beverages",2019-02-01,18:43:00,Ewallet,5.1,87.48,6,524.88,26.2440,551.1240,498.6360,Evening,Friday,February,Good
359-90-3665,B,Mandalay,Member,Female,"Fashion accessories",2019-01-14,18:03:00,"Credit card",9.5,18.08,4,72.32,3.6160,75.9360,68.7040,Evening,Monday,January,Bad
359-94-5395,B,Mandalay,Normal,Male,"Health and beauty",2019-03-15,10:50:00,"Credit card",9.8,92.78,1,92.78,4.6390,97.4190,88.1410,Morning,Friday,March,Bad
360-39-5055,C,Naypyitaw,Member,Male,"Sports and travel",2019-03-09,10:17:00,Cash,6.6,48.91,5,244.55,12.2275,256.7775,232.3225,Morning,Saturday,March,Bad
361-59-0574,B,Mandalay,Member,Male,"Sports and travel",2019-03-15,14:48:00,"Credit card",6.5,90.53,8,724.24,36.2120,760.4520,688.0280,Afternoon,Friday,March,Good
361-85-2571,A,Yangon,Normal,Female,"Sports and travel",2019-03-30,10:18:00,Cash,7.4,89.48,5,447.40,22.3700,469.7700,425.0300,Morning,Saturday,March,Good
362-58-8315,C,Naypyitaw,Normal,Male,"Fashion accessories",2019-03-25,10:23:00,Cash,9.9,76.52,5,382.60,19.1300,401.7300,363.4700,Morning,Monday,March,Good
364-33-8584,B,Mandalay,Member,Female,"Food and beverages",2019-03-08,15:27:00,Cash,8.5,17.63,5,88.15,4.4075,92.5575,83.7425,Afternoon,Friday,March,Bad
364-34-2972,C,Naypyitaw,Member,Male,"Electronic accessories",2019-03-30,20:37:00,Cash,6.7,96.82,3,290.46,14.5230,304.9830,275.9370,Evening,Saturday,March,Bad
365-16-4334,B,Mandalay,Normal,Female,"Food and beverages",2019-02-24,14:26:00,Ewallet,8.9,26.43,8,211.44,10.5720,222.0120,200.8680,Afternoon,Sunday,February,Bad
365-64-0515,A,Yangon,Normal,Female,"Electronic accessories",2019-02-12,10:25:00,Ewallet,7.1,46.95,5,234.75,11.7375,246.4875,223.0125,Morning,Tuesday,February,Bad
366-43-6862,B,Mandalay,Normal,Male,"Electronic accessories",2019-03-25,16:32:00,Ewallet,6.7,52.89,4,211.56,10.5780,222.1380,200.9820,Evening,Monday,March,Bad
366-93-0948,A,Yangon,Member,Male,"Electronic accessories",2019-01-31,10:46:00,"Credit card",9.7,66.35,1,66.35,3.3175,69.6675,63.0325,Morning,Thursday,January,Bad
369-82-2676,B,Mandalay,Normal,Male,"Electronic accessories",2019-01-15,18:22:00,Ewallet,7.8,75.66,5,378.30,18.9150,397.2150,359.3850,Evening,Tuesday,January,Good
370-41-7321,B,Mandalay,Member,Male,"Health and beauty",2019-02-27,17:24:00,"Credit card",8.4,56.69,9,510.21,25.5105,535.7205,484.6995,Evening,Wednesday,February,Good
370-96-0655,C,Naypyitaw,Normal,Female,"Fashion accessories",2019-01-09,13:46:00,Ewallet,7.1,49.32,6,295.92,14.7960,310.7160,281.1240,Afternoon,Wednesday,January,Bad
371-85-5789,B,Mandalay,Normal,Male,"Health and beauty",2019-03-05,10:40:00,Ewallet,5.1,87.98,3,263.94,13.1970,277.1370,250.7430,Morning,Tuesday,March,Bad
372-26-1506,C,Naypyitaw,Normal,Female,"Fashion accessories",2019-01-28,19:24:00,Ewallet,5.4,23.82,5,119.10,5.9550,125.0550,113.1450,Evening,Monday,January,Bad
372-62-5264,C,Naypyitaw,Normal,Female,"Food and beverages",2019-01-16,14:42:00,Cash,7.6,52.60,9,473.40,23.6700,497.0700,449.7300,Afternoon,Wednesday,January,Good
372-94-8041,A,Yangon,Normal,Male,"Health and beauty",2019-02-15,18:03:00,Ewallet,9.8,15.26,6,91.56,4.5780,96.1380,86.9820,Evening,Friday,February,Bad
373-09-4567,C,Naypyitaw,Normal,Male,"Food and beverages",2019-03-14,20:35:00,Ewallet,6.9,77.56,10,775.60,38.7800,814.3800,736.8200,Evening,Thursday,March,Good
373-14-0504,A,Yangon,Member,Female,"Sports and travel",2019-02-12,14:33:00,Ewallet,8.8,71.63,2,143.26,7.1630,150.4230,136.0970,Afternoon,Tuesday,February,Bad
373-73-7910,A,Yangon,Normal,Male,"Sports and travel",2019-02-08,10:37:00,Ewallet,5.3,86.31,7,604.17,30.2085,634.3785,573.9615,Morning,Friday,February,Good
373-88-1424,C,Naypyitaw,Member,Male,"Home and lifestyle",2019-02-06,18:44:00,Ewallet,7.9,35.81,5,179.05,8.9525,188.0025,170.0975,Evening,Wednesday,February,Bad
374-17-3652,B,Mandalay,Member,Female,"Food and beverages",2019-02-05,15:26:00,"Credit card",8.9,42.82,9,385.38,19.2690,404.6490,366.1110,Afternoon,Tuesday,February,Good
374-38-5555,B,Mandalay,Normal,Female,"Fashion accessories",2019-02-07,19:30:00,Ewallet,8.5,63.71,5,318.55,15.9275,334.4775,302.6225,Evening,Thursday,February,Good
375-72-3056,B,Mandalay,Normal,Male,"Sports and travel",2019-01-19,15:58:00,Ewallet,7.0,63.06,3,189.18,9.4590,198.6390,179.7210,Afternoon,Saturday,January,Bad
376-02-8238,B,Mandalay,Normal,Male,"Home and lifestyle",2019-02-02,18:42:00,"Credit card",8.3,93.87,8,750.96,37.5480,788.5080,713.4120,Evening,Saturday,February,Good
376-56-3573,C,Naypyitaw,Normal,Female,"Fashion accessories",2019-02-02,13:23:00,Ewallet,6.4,95.42,4,381.68,19.0840,400.7640,362.5960,Afternoon,Saturday,February,Good
377-79-7592,C,Naypyitaw,Member,Female,"Electronic accessories",2019-01-14,14:00:00,"Credit card",7.5,44.84,9,403.56,20.1780,423.7380,383.3820,Afternoon,Monday,January,Good
378-07-7001,B,Mandalay,Member,Male,"Electronic accessories",2019-02-10,18:23:00,"Credit card",7.8,48.09,3,144.27,7.2135,151.4835,137.0565,Evening,Sunday,February,Bad
378-24-2715,B,Mandalay,Normal,Male,"Home and lifestyle",2019-01-20,20:38:00,Ewallet,4.1,53.44,2,106.88,5.3440,112.2240,101.5360,Evening,Sunday,January,Bad
379-17-6588,C,Naypyitaw,Normal,Male,"Fashion accessories",2019-03-14,11:07:00,Cash,5.3,59.61,10,596.10,29.8050,625.9050,566.2950,Morning,Thursday,March,Good
380-60-5336,A,Yangon,Normal,Female,"Electronic accessories",2019-02-24,18:06:00,"Credit card",5.0,40.26,10,402.60,20.1300,422.7300,382.4700,Evening,Sunday,February,Good
380-94-4661,C,Naypyitaw,Member,Male,"Electronic accessories",2019-02-07,13:05:00,"Credit card",6.9,65.94,4,263.76,13.1880,276.9480,250.5720,Afternoon,Thursday,February,Bad
381-20-0914,A,Yangon,Member,Female,"Fashion accessories",2019-01-12,15:48:00,"Credit card",5.7,20.01,9,180.09,9.0045,189.0945,171.0855,Afternoon,Saturday,January,Bad
382-03-4532,A,Yangon,Member,Female,"Health and beauty",2019-02-02,18:50:00,Cash,4.3,18.33,1,18.33,0.9165,19.2465,17.4135,Evening,Saturday,February,Bad
382-25-8917,C,Naypyitaw,Normal,Male,"Fashion accessories",2019-01-29,12:25:00,Cash,8.9,42.08,6,252.48,12.6240,265.1040,239.8560,Afternoon,Tuesday,January,Bad
384-59-6655,A,Yangon,Member,Female,"Food and beverages",2019-02-19,15:07:00,Cash,8.4,98.66,9,887.94,44.3970,932.3370,843.5430,Afternoon,Tuesday,February,Good
386-27-7606,C,Naypyitaw,Member,Female,"Home and lifestyle",2019-03-23,15:59:00,"Credit card",8.1,81.20,7,568.40,28.4200,596.8200,539.9800,Afternoon,Saturday,March,Good
387-49-4215,B,Mandalay,Member,Female,"Sports and travel",2019-01-08,12:50:00,Cash,6.7,48.50,3,145.50,7.2750,152.7750,138.2250,Afternoon,Tuesday,January,Bad
388-76-2555,B,Mandalay,Normal,Male,"Sports and travel",2019-02-13,13:59:00,Cash,6.3,13.69,6,82.14,4.1070,86.2470,78.0330,Afternoon,Wednesday,February,Bad
389-25-3394,C,Naypyitaw,Normal,Male,"Electronic accessories",2019-02-17,18:06:00,Cash,9.4,11.81,5,59.05,2.9525,62.0025,56.0975,Evening,Sunday,February,Bad
389-70-2397,C,Naypyitaw,Normal,Female,"Health and beauty",2019-02-21,10:26:00,Cash,7.2,83.66,5,418.30,20.9150,439.2150,397.3850,Morning,Thursday,February,Good
390-17-5806,C,Naypyitaw,Member,Female,"Food and beverages",2019-02-02,16:33:00,Cash,8.6,38.42,1,38.42,1.9210,40.3410,36.4990,Evening,Saturday,February,Bad
390-31-6381,C,Naypyitaw,Normal,Male,"Food and beverages",2019-01-07,12:37:00,Cash,7.3,27.22,3,81.66,4.0830,85.7430,77.5770,Afternoon,Monday,January,Bad
390-80-5128,B,Mandalay,Member,Female,"Health and beauty",2019-01-28,17:58:00,"Credit card",9.5,19.15,1,19.15,0.9575,20.1075,18.1925,Evening,Monday,January,Bad
393-65-2792,C,Naypyitaw,Normal,Male,"Food and beverages",2019-01-06,12:46:00,"Credit card",9.6,89.48,10,894.80,44.7400,939.5400,850.0600,Afternoon,Sunday,January,Good
394-30-3170,B,Mandalay,Member,Female,"Sports and travel",2019-03-22,19:35:00,"Credit card",4.3,88.43,8,707.44,35.3720,742.8120,672.0680,Evening,Friday,March,Good
394-41-0748,C,Naypyitaw,Member,Female,"Fashion accessories",2019-01-27,14:55:00,Ewallet,9.5,54.07,9,486.63,24.3315,510.9615,462.2985,Afternoon,Sunday,January,Good
394-43-4238,B,Mandalay,Member,Male,"Home and lifestyle",2019-02-15,12:42:00,"Credit card",5.4,17.77,5,88.85,4.4425,93.2925,84.4075,Afternoon,Friday,February,Bad
394-55-6384,C,Naypyitaw,Member,Female,"Sports and travel",2019-01-25,13:38:00,Cash,6.7,70.19,9,631.71,31.5855,663.2955,600.1245,Afternoon,Friday,January,Good
396-90-2219,B,Mandalay,Normal,Female,"Electronic accessories",2019-02-23,12:29:00,Cash,8.6,14.96,8,119.68,5.9840,125.6640,113.6960,Afternoon,Saturday,February,Bad
397-25-8725,A,Yangon,Member,Female,"Health and beauty",2019-01-13,17:54:00,"Credit card",6.8,39.62,9,356.58,17.8290,374.4090,338.7510,Evening,Sunday,January,Good
399-46-5918,C,Naypyitaw,Normal,Female,"Electronic accessories",2019-02-28,19:01:00,Cash,8.2,85.98,8,687.84,34.3920,722.2320,653.4480,Evening,Thursday,February,Good
399-69-4630,C,Naypyitaw,Normal,Male,"Electronic accessories",2019-03-07,10:23:00,"Credit card",8.6,22.21,6,133.26,6.6630,139.9230,126.5970,Morning,Thursday,March,Bad
400-45-1220,B,Mandalay,Normal,Female,"Health and beauty",2019-02-27,11:06:00,"Credit card",4.8,13.50,10,135.00,6.7500,141.7500,128.2500,Morning,Wednesday,February,Bad
400-60-7251,A,Yangon,Normal,Male,"Home and lifestyle",2019-02-10,12:50:00,Ewallet,9.9,74.07,1,74.07,3.7035,77.7735,70.3665,Afternoon,Sunday,February,Bad
400-80-4065,C,Naypyitaw,Member,Male,"Health and beauty",2019-02-15,20:21:00,"Credit card",9.2,68.55,4,274.20,13.7100,287.9100,260.4900,Evening,Friday,February,Bad
400-89-4171,C,Naypyitaw,Normal,Female,"Sports and travel",2019-01-28,13:05:00,Cash,9.3,80.97,8,647.76,32.3880,680.1480,615.3720,Afternoon,Monday,January,Good
401-09-4232,C,Naypyitaw,Member,Male,"Home and lifestyle",2019-02-11,18:38:00,Ewallet,9.4,86.69,5,433.45,21.6725,455.1225,411.7775,Evening,Monday,February,Good
401-18-8016,B,Mandalay,Member,Female,"Sports and travel",2019-01-21,17:36:00,Cash,8.9,98.13,1,98.13,4.9065,103.0365,93.2235,Evening,Monday,January,Bad
404-91-5964,A,Yangon,Normal,Male,"Electronic accessories",2019-02-04,16:09:00,"Credit card",9.0,74.58,7,522.06,26.1030,548.1630,495.9570,Evening,Monday,February,Good
405-31-3305,A,Yangon,Member,Male,"Fashion accessories",2019-02-02,18:31:00,"Credit card",5.5,43.13,10,431.30,21.5650,452.8650,409.7350,Evening,Saturday,February,Good
406-46-7107,A,Yangon,Normal,Female,"Home and lifestyle",2019-01-11,11:52:00,Cash,4.5,96.52,6,579.12,28.9560,608.0760,550.1640,Morning,Friday,January,Good
407-63-8975,A,Yangon,Normal,Male,"Food and beverages",2019-03-23,19:16:00,Ewallet,4.4,73.88,6,443.28,22.1640,465.4440,421.1160,Evening,Saturday,March,Good
408-26-9866,C,Naypyitaw,Normal,Female,"Sports and travel",2019-03-02,16:42:00,Ewallet,4.1,73.98,7,517.86,25.8930,543.7530,491.9670,Evening,Saturday,March,Good
408-66-6712,C,Naypyitaw,Member,Female,"Health and beauty",2019-02-16,14:19:00,Ewallet,4.4,47.71,6,286.26,14.3130,300.5730,271.9470,Afternoon,Saturday,February,Bad
409-33-9708,A,Yangon,Normal,Female,"Fashion accessories",2019-02-19,10:12:00,Ewallet,9.2,98.48,2,196.96,9.8480,206.8080,187.1120,Morning,Tuesday,February,Bad
409-49-6995,C,Naypyitaw,Member,Female,"Food and beverages",2019-02-05,10:17:00,Cash,8.8,47.27,6,283.62,14.1810,297.8010,269.4390,Morning,Tuesday,February,Bad
410-67-1709,A,Yangon,Member,Female,"Fashion accessories",2019-01-20,17:48:00,Ewallet,9.9,63.88,8,511.04,25.5520,536.5920,485.4880,Evening,Sunday,January,Good
411-77-0180,A,Yangon,Member,Male,"Electronic accessories",2019-03-26,20:14:00,Ewallet,4.3,72.20,7,505.40,25.2700,530.6700,480.1300,Evening,Tuesday,March,Good
413-20-6708,C,Naypyitaw,Member,Female,"Fashion accessories",2019-03-18,15:52:00,Ewallet,8.5,51.47,1,51.47,2.5735,54.0435,48.8965,Afternoon,Monday,March,Bad
414-12-7047,B,Mandalay,Normal,Male,"Food and beverages",2019-01-18,12:04:00,Ewallet,8.7,19.79,8,158.32,7.9160,166.2360,150.4040,Afternoon,Friday,January,Bad
416-13-5917,C,Naypyitaw,Normal,Female,"Food and beverages",2019-01-30,16:24:00,Ewallet,9.3,97.03,5,485.15,24.2575,509.4075,460.8925,Evening,Wednesday,January,Good
416-17-9926,A,Yangon,Member,Female,"Electronic accessories",2019-01-01,14:42:00,"Credit card",4.3,74.22,10,742.20,37.1100,779.3100,705.0900,Afternoon,Tuesday,January,Good
418-02-5978,B,Mandalay,Normal,Female,"Health and beauty",2019-02-11,10:54:00,Cash,8.0,84.09,9,756.81,37.8405,794.6505,718.9695,Morning,Monday,February,Good
418-05-0656,B,Mandalay,Normal,Female,"Fashion accessories",2019-02-02,20:42:00,Cash,7.1,25.56,7,178.92,8.9460,187.8660,169.9740,Evening,Saturday,February,Bad
420-04-7590,B,Mandalay,Normal,Male,"Home and lifestyle",2019-03-18,11:29:00,Ewallet,4.7,99.70,3,299.10,14.9550,314.0550,284.1450,Morning,Monday,March,Bad
420-11-4919,C,Naypyitaw,Member,Female,"Food and beverages",2019-02-17,19:57:00,"Credit card",5.5,71.39,5,356.95,17.8475,374.7975,339.1025,Evening,Sunday,February,Good
420-18-8989,A,Yangon,Member,Female,"Sports and travel",2019-02-02,15:47:00,Cash,9.6,51.52,8,412.16,20.6080,432.7680,391.5520,Afternoon,Saturday,February,Good
420-97-3340,A,Yangon,Normal,Female,"Food and beverages",2019-03-28,15:30:00,"Credit card",9.2,71.68,3,215.04,10.7520,225.7920,204.2880,Afternoon,Thursday,March,Bad
421-95-9805,A,Yangon,Normal,Female,"Electronic accessories",2019-02-07,10:18:00,"Credit card",6.2,28.96,1,28.96,1.4480,30.4080,27.5120,Morning,Thursday,February,Bad
422-29-8786,A,Yangon,Normal,Female,"Home and lifestyle",2019-01-03,16:47:00,"Credit card",9.1,67.09,5,335.45,16.7725,352.2225,318.6775,Evening,Thursday,January,Good
423-64-4619,A,Yangon,Member,Female,"Health and beauty",2019-03-07,13:12:00,Cash,5.0,15.55,9,139.95,6.9975,146.9475,132.9525,Afternoon,Thursday,March,Bad
423-80-0988,C,Naypyitaw,Normal,Male,"Sports and travel",2019-01-30,19:42:00,Ewallet,6.5,76.40,2,152.80,7.6400,160.4400,145.1600,Evening,Wednesday,January,Bad
425-85-2085,B,Mandalay,Member,Male,"Health and beauty",2019-03-29,16:48:00,Ewallet,9.8,54.86,5,274.30,13.7150,288.0150,260.5850,Evening,Friday,March,Bad
426-39-2418,C,Naypyitaw,Normal,Male,"Electronic accessories",2019-01-14,10:02:00,Cash,9.8,61.41,7,429.87,21.4935,451.3635,408.3765,Morning,Monday,January,Good
427-45-9297,B,Mandalay,Member,Female,"Home and lifestyle",2019-03-12,11:01:00,Ewallet,5.4,40.73,7,285.11,14.2555,299.3655,270.8545,Morning,Tuesday,March,Bad
428-83-5800,C,Naypyitaw,Member,Female,"Food and beverages",2019-02-09,10:25:00,Cash,7.3,21.08,3,63.24,3.1620,66.4020,60.0780,Morning,Saturday,February,Bad
430-02-3888,B,Mandalay,Normal,Male,"Electronic accessories",2019-02-07,15:55:00,Cash,7.1,46.02,6,276.12,13.8060,289.9260,262.3140,Afternoon,Thursday,February,Bad
430-53-4718,B,Mandalay,Member,Male,"Health and beauty",2019-01-28,15:46:00,"Credit card",8.4,75.37,8,602.96,30.1480,633.1080,572.8120,Afternoon,Monday,January,Good
430-60-3493,A,Yangon,Member,Female,"Home and lifestyle",2019-02-03,14:38:00,Cash,4.2,94.88,7,664.16,33.2080,697.3680,630.9520,Afternoon,Sunday,February,Good
431-66-2305,B,Mandalay,Normal,Female,"Electronic accessories",2019-02-15,20:51:00,"Credit card",7.6,88.25,9,794.25,39.7125,833.9625,754.5375,Evening,Friday,February,Good
433-08-7822,C,Naypyitaw,Normal,Female,"Health and beauty",2019-01-05,19:48:00,Ewallet,7.5,78.89,7,552.23,27.6115,579.8415,524.6185,Evening,Saturday,January,Good
433-75-6987,B,Mandalay,Member,Female,"Health and beauty",2019-03-05,19:06:00,Ewallet,8.9,55.97,7,391.79,19.5895,411.3795,372.2005,Evening,Tuesday,March,Good
434-35-9162,B,Mandalay,Member,Male,"Food and beverages",2019-02-04,18:53:00,Ewallet,7.4,23.34,4,93.36,4.6680,98.0280,88.6920,Evening,Monday,February,Bad
434-83-9547,C,Naypyitaw,Member,Male,"Food and beverages",2019-01-23,11:51:00,Cash,7.7,38.47,8,307.76,15.3880,323.1480,292.3720,Morning,Wednesday,January,Good
435-13-4908,A,Yangon,Member,Male,"Fashion accessories",2019-01-24,18:04:00,"Credit card",7.2,86.68,8,693.44,34.6720,728.1120,658.7680,Evening,Thursday,January,Good
436-54-4512,A,Yangon,Member,Female,"Food and beverages",2019-03-20,19:44:00,Cash,9.8,91.61,1,91.61,4.5805,96.1905,87.0295,Evening,Wednesday,March,Bad
437-53-3084,B,Mandalay,Normal,Male,"Fashion accessories",2019-02-26,11:48:00,Ewallet,7.1,99.89,2,199.78,9.9890,209.7690,189.7910,Morning,Tuesday,February,Bad
437-58-8131,B,Mandalay,Normal,Female,"Fashion accessories",2019-01-15,13:41:00,Ewallet,4.6,73.52,2,147.04,7.3520,154.3920,139.6880,Afternoon,Tuesday,January,Bad
438-01-4015,B,Mandalay,Member,Female,"Sports and travel",2019-03-21,15:25:00,Ewallet,6.6,49.49,4,197.96,9.8980,207.8580,188.0620,Afternoon,Thursday,March,Bad
438-23-1242,B,Mandalay,Normal,Male,"Electronic accessories",2019-01-24,10:38:00,Ewallet,8.9,75.88,7,531.16,26.5580,557.7180,504.6020,Morning,Thursday,January,Good
439-54-7422,A,Yangon,Normal,Female,"Electronic accessories",2019-03-18,17:15:00,"Credit card",4.7,51.19,4,204.76,10.2380,214.9980,194.5220,Evening,Monday,March,Bad
440-59-5691,C,Naypyitaw,Member,Female,"Health and beauty",2019-02-08,13:12:00,"Credit card",7.7,37.15,7,260.05,13.0025,273.0525,247.0475,Afternoon,Friday,February,Bad
441-94-7118,A,Yangon,Member,Male,"Electronic accessories",2019-02-04,12:14:00,Cash,7.3,71.95,1,71.95,3.5975,75.5475,68.3525,Afternoon,Monday,February,Bad
442-44-6497,C,Naypyitaw,Member,Male,"Home and lifestyle",2019-01-08,11:42:00,"Credit card",5.9,55.57,3,166.71,8.3355,175.0455,158.3745,Morning,Tuesday,January,Bad
442-48-3607,A,Yangon,Member,Male,"Food and beverages",2019-03-14,11:21:00,"Credit card",7.9,23.48,2,46.96,2.3480,49.3080,44.6120,Morning,Thursday,March,Bad
443-59-0061,A,Yangon,Member,Male,"Food and beverages",2019-02-03,11:25:00,Ewallet,4.2,67.45,10,674.50,33.7250,708.2250,640.7750,Morning,Sunday,February,Good
443-60-9639,C,Naypyitaw,Member,Female,"Home and lifestyle",2019-01-24,13:24:00,Cash,5.5,60.87,1,60.87,3.0435,63.9135,57.8265,Afternoon,Thursday,January,Bad
443-82-0585,A,Yangon,Member,Female,"Health and beauty",2019-02-01,19:54:00,Cash,8.4,77.68,4,310.72,15.5360,326.2560,295.1840,Evening,Friday,February,Good
445-30-9252,A,Yangon,Normal,Male,"Sports and travel",2019-01-17,17:59:00,Ewallet,6.1,25.70,3,77.10,3.8550,80.9550,73.2450,Evening,Thursday,January,Bad
446-47-6729,C,Naypyitaw,Normal,Male,"Fashion accessories",2019-01-02,18:09:00,"Credit card",6.7,99.82,2,199.64,9.9820,209.6220,189.6580,Evening,Wednesday,January,Bad
447-15-7839,A,Yangon,Member,Female,"Sports and travel",2019-02-09,11:00:00,Cash,4.2,22.24,10,222.40,11.1200,233.5200,211.2800,Morning,Saturday,February,Bad
448-34-8700,B,Mandalay,Member,Male,"Home and lifestyle",2019-02-10,13:51:00,Ewallet,6.7,36.91,7,258.37,12.9185,271.2885,245.4515,Afternoon,Sunday,February,Bad
448-61-3783,A,Yangon,Normal,Female,"Electronic accessories",2019-03-21,16:08:00,"Credit card",4.5,90.02,8,720.16,36.0080,756.1680,684.1520,Evening,Thursday,March,Good
448-81-5016,A,Yangon,Normal,Male,"Health and beauty",2019-03-11,12:01:00,"Credit card",5.8,59.77,2,119.54,5.9770,125.5170,113.5630,Afternoon,Monday,March,Bad
449-16-6770,A,Yangon,Normal,Male,"Health and beauty",2019-02-19,14:53:00,"Credit card",5.3,50.79,5,253.95,12.6975,266.6475,241.2525,Afternoon,Tuesday,February,Bad
449-27-2918,B,Mandalay,Member,Female,"Sports and travel",2019-03-26,11:02:00,"Credit card",9.6,39.12,1,39.12,1.9560,41.0760,37.1640,Morning,Tuesday,March,Bad
450-28-2866,C,Naypyitaw,Member,Male,"Food and beverages",2019-01-15,19:25:00,Cash,8.1,17.44,5,87.20,4.3600,91.5600,82.8400,Evening,Tuesday,January,Bad
450-42-3339,C,Naypyitaw,Normal,Male,"Health and beauty",2019-02-09,18:58:00,"Credit card",8.8,84.61,10,846.10,42.3050,888.4050,803.7950,Evening,Saturday,February,Good
451-28-5717,C,Naypyitaw,Member,Female,"Home and lifestyle",2019-03-20,11:23:00,Cash,7.3,83.17,6,499.02,24.9510,523.9710,474.0690,Morning,Wednesday,March,Good
451-73-2711,C,Naypyitaw,Normal,Male,"Food and beverages",2019-01-14,15:20:00,Ewallet,8.8,84.83,1,84.83,4.2415,89.0715,80.5885,Afternoon,Monday,January,Bad
452-04-8808,B,Mandalay,Normal,Male,"Electronic accessories",2019-01-26,15:17:00,Cash,5.5,87.08,7,609.56,30.4780,640.0380,579.0820,Afternoon,Saturday,January,Good
453-12-7053,C,Naypyitaw,Normal,Male,"Fashion accessories",2019-03-10,17:38:00,"Credit card",6.5,45.74,3,137.22,6.8610,144.0810,130.3590,Evening,Sunday,March,Bad
453-33-6436,A,Yangon,Normal,Female,"Home and lifestyle",2019-02-07,10:09:00,Cash,6.8,93.12,8,744.96,37.2480,782.2080,707.7120,Morning,Thursday,February,Good
453-63-6187,B,Mandalay,Normal,Male,"Electronic accessories",2019-03-01,15:40:00,Ewallet,6.5,27.50,3,82.50,4.1250,86.6250,78.3750,Afternoon,Friday,March,Bad
457-12-0244,C,Naypyitaw,Member,Female,"Sports and travel",2019-03-14,13:49:00,Ewallet,6.5,35.22,6,211.32,10.5660,221.8860,200.7540,Afternoon,Thursday,March,Bad
457-13-1708,B,Mandalay,Member,Male,"Fashion accessories",2019-01-08,19:07:00,"Credit card",5.2,65.23,10,652.30,32.6150,684.9150,619.6850,Evening,Tuesday,January,Good
457-94-0464,B,Mandalay,Member,Male,"Electronic accessories",2019-01-31,20:32:00,Ewallet,5.6,87.87,9,790.83,39.5415,830.3715,751.2885,Evening,Thursday,January,Good
458-10-8612,C,Naypyitaw,Normal,Male,"Health and beauty",2019-01-20,12:27:00,Ewallet,7.6,64.08,7,448.56,22.4280,470.9880,426.1320,Afternoon,Sunday,January,Good
458-41-1477,C,Naypyitaw,Normal,Female,"Health and beauty",2019-03-08,17:11:00,"Credit card",9.5,46.26,6,277.56,13.8780,291.4380,263.6820,Evening,Friday,March,Bad
458-61-0011,B,Mandalay,Normal,Male,"Food and beverages",2019-02-20,18:43:00,Cash,5.8,60.30,4,241.20,12.0600,253.2600,229.1400,Evening,Wednesday,February,Bad
459-45-2396,A,Yangon,Member,Female,"Food and beverages",2019-02-25,18:45:00,Cash,5.8,99.60,3,298.80,14.9400,313.7400,283.8600,Evening,Monday,February,Bad
459-50-7686,A,Yangon,Normal,Female,"Electronic accessories",2019-01-13,19:14:00,Ewallet,6.4,23.46,6,140.76,7.0380,147.7980,133.7220,Evening,Sunday,January,Bad
460-35-4390,A,Yangon,Normal,Male,"Home and lifestyle",2019-01-22,11:00:00,Ewallet,9.1,30.68,3,92.04,4.6020,96.6420,87.4380,Morning,Tuesday,January,Bad
460-93-5834,A,Yangon,Normal,Male,"Sports and travel",2019-01-13,10:03:00,Cash,5.0,45.58,7,319.06,15.9530,335.0130,303.1070,Morning,Sunday,January,Good
462-67-9126,A,Yangon,Normal,Male,"Home and lifestyle",2019-01-21,17:44:00,Cash,7.2,73.22,6,439.32,21.9660,461.2860,417.3540,Evening,Monday,January,Good
462-78-5240,C,Naypyitaw,Normal,Female,"Electronic accessories",2019-03-19,14:35:00,Cash,4.2,26.61,2,53.22,2.6610,55.8810,50.5590,Afternoon,Tuesday,March,Bad
466-61-5506,B,Mandalay,Member,Female,"Electronic accessories",2019-02-26,10:52:00,Cash,5.3,90.70,6,544.20,27.2100,571.4100,516.9900,Morning,Tuesday,February,Good
468-01-2051,B,Mandalay,Normal,Male,"Food and beverages",2019-03-06,13:46:00,Ewallet,5.4,62.08,7,434.56,21.7280,456.2880,412.8320,Afternoon,Wednesday,March,Good
468-88-0009,A,Yangon,Member,Male,"Home and lifestyle",2019-03-24,10:29:00,Cash,6.0,65.94,4,263.76,13.1880,276.9480,250.5720,Morning,Sunday,March,Bad
468-99-7231,C,Naypyitaw,Normal,Female,"Home and lifestyle",2019-03-03,17:36:00,Cash,8.8,44.01,8,352.08,17.6040,369.6840,334.4760,Evening,Sunday,March,Good
470-31-3286,B,Mandalay,Normal,Male,"Health and beauty",2019-03-01,11:30:00,"Credit card",8.7,14.82,3,44.46,2.2230,46.6830,42.2370,Morning,Friday,March,Bad
470-32-9057,A,Yangon,Member,Male,"Food and beverages",2019-03-28,15:31:00,"Credit card",9.1,51.34,5,256.70,12.8350,269.5350,243.8650,Afternoon,Thursday,March,Bad
471-06-8611,C,Naypyitaw,Normal,Female,"Food and beverages",2019-02-06,10:22:00,"Credit card",6.3,52.42,1,52.42,2.6210,55.0410,49.7990,Morning,Wednesday,February,Bad
471-41-2823,C,Naypyitaw,Normal,Male,"Food and beverages",2019-03-07,20:37:00,Ewallet,8.0,99.79,2,199.58,9.9790,209.5590,189.6010,Evening,Thursday,March,Bad
472-15-9636,A,Yangon,Normal,Male,"Home and lifestyle",2019-03-22,19:36:00,Ewallet,9.2,50.93,8,407.44,20.3720,427.8120,387.0680,Evening,Friday,March,Good
474-33-8305,C,Naypyitaw,Member,Male,"Fashion accessories",2019-03-23,13:23:00,Ewallet,6.9,67.39,7,471.73,23.5865,495.3165,448.1435,Afternoon,Saturday,March,Good
477-24-6490,B,Mandalay,Normal,Female,"Health and beauty",2019-02-26,16:52:00,Ewallet,7.9,99.71,6,598.26,29.9130,628.1730,568.3470,Evening,Tuesday,February,Good
477-59-2456,C,Naypyitaw,Normal,Female,"Fashion accessories",2019-01-23,11:15:00,Cash,9.2,45.44,7,318.08,15.9040,333.9840,302.1760,Morning,Wednesday,January,Good
478-06-7835,A,Yangon,Normal,Male,"Fashion accessories",2019-01-11,11:20:00,Ewallet,4.9,89.69,1,89.69,4.4845,94.1745,85.2055,Morning,Friday,January,Bad
479-26-8945,B,Mandalay,Member,Female,"Sports and travel",2019-02-05,11:32:00,Ewallet,4.6,16.49,2,32.98,1.6490,34.6290,31.3310,Morning,Tuesday,February,Bad
480-63-2856,C,Naypyitaw,Normal,Male,"Food and beverages",2019-01-23,18:37:00,Ewallet,6.6,19.25,8,154.00,7.7000,161.7000,146.3000,Evening,Wednesday,January,Bad
482-17-1179,A,Yangon,Member,Male,"Electronic accessories",2019-01-19,12:47:00,"Credit card",8.1,11.94,3,35.82,1.7910,37.6110,34.0290,Afternoon,Saturday,January,Bad
483-71-1164,C,Naypyitaw,Normal,Female,"Health and beauty",2019-03-08,16:43:00,Ewallet,5.3,81.30,6,487.80,24.3900,512.1900,463.4100,Evening,Friday,March,Good
484-22-8230,C,Naypyitaw,Member,Female,"Fashion accessories",2019-01-08,20:08:00,Cash,4.5,51.89,7,363.23,18.1615,381.3915,345.0685,Evening,Tuesday,January,Good
485-30-8700,A,Yangon,Normal,Female,"Sports and travel",2019-03-18,16:10:00,"Credit card",4.2,33.26,5,166.30,8.3150,174.6150,157.9850,Evening,Monday,March,Bad
487-79-6868,B,Mandalay,Member,Female,"Home and lifestyle",2019-03-26,19:28:00,"Credit card",8.0,12.29,9,110.61,5.5305,116.1405,105.0795,Evening,Tuesday,March,Bad
488-25-4221,C,Naypyitaw,Member,Female,"Food and beverages",2019-02-22,10:36:00,"Credit card",8.4,30.41,1,30.41,1.5205,31.9305,28.8895,Morning,Friday,February,Bad
489-64-4354,C,Naypyitaw,Normal,Male,"Fashion accessories",2019-03-09,15:36:00,Cash,5.0,16.28,1,16.28,0.8140,17.0940,15.4660,Afternoon,Saturday,March,Bad
489-82-1237,A,Yangon,Normal,Female,"Electronic accessories",2019-01-05,11:51:00,"Credit card",7.3,93.88,7,657.16,32.8580,690.0180,624.3020,Morning,Saturday,January,Good
490-29-1201,A,Yangon,Normal,Female,"Sports and travel",2019-01-06,11:09:00,Cash,6.5,15.34,1,15.34,0.7670,16.1070,14.5730,Morning,Sunday,January,Bad
490-95-0021,B,Mandalay,Member,Female,"Food and beverages",2019-01-08,14:25:00,Ewallet,6.0,33.21,10,332.10,16.6050,348.7050,315.4950,Afternoon,Tuesday,January,Good
491-38-3499,A,Yangon,Member,Male,"Fashion accessories",2019-02-26,17:46:00,"Credit card",4.9,55.45,1,55.45,2.7725,58.2225,52.6775,Evening,Tuesday,February,Bad
493-65-6248,C,Naypyitaw,Member,Female,"Sports and travel",2019-01-01,19:48:00,"Credit card",7.0,36.98,10,369.80,18.4900,388.2900,351.3100,Evening,Tuesday,January,Good
497-36-0989,A,Yangon,Normal,Male,"Fashion accessories",2019-02-15,15:21:00,Cash,7.9,51.94,3,155.82,7.7910,163.6110,148.0290,Afternoon,Friday,February,Bad
497-37-6538,A,Yangon,Normal,Male,"Sports and travel",2019-01-17,15:15:00,Ewallet,9.7,58.91,7,412.37,20.6185,432.9885,391.7515,Afternoon,Thursday,January,Good
498-41-1961,B,Mandalay,Normal,Male,"Health and beauty",2019-02-20,18:01:00,Cash,7.6,66.68,5,333.40,16.6700,350.0700,316.7300,Evening,Wednesday,February,Good
499-27-7781,B,Mandalay,Normal,Female,"Food and beverages",2019-03-14,16:45:00,Ewallet,5.0,53.21,8,425.68,21.2840,446.9640,404.3960,Evening,Thursday,March,Good
500-02-2261,C,Naypyitaw,Normal,Female,"Food and beverages",2019-03-21,17:04:00,Ewallet,5.9,57.29,6,343.74,17.1870,360.9270,326.5530,Evening,Thursday,March,Good
501-61-1753,B,Mandalay,Normal,Female,"Home and lifestyle",2019-01-03,20:24:00,Ewallet,9.8,63.15,6,378.90,18.9450,397.8450,359.9550,Evening,Thursday,January,Good
502-05-1910,A,Yangon,Normal,Male,"Health and beauty",2019-02-25,20:35:00,"Credit card",6.3,65.18,3,195.54,9.7770,205.3170,185.7630,Evening,Monday,February,Bad
503-07-0930,C,Naypyitaw,Member,Male,"Sports and travel",2019-02-23,19:49:00,"Credit card",8.2,58.39,7,408.73,20.4365,429.1665,388.2935,Evening,Saturday,February,Good
503-21-4385,B,Mandalay,Member,Male,"Health and beauty",2019-02-21,12:40:00,Ewallet,9.3,39.91,3,119.73,5.9865,125.7165,113.7435,Afternoon,Thursday,February,Bad
504-35-8843,A,Yangon,Normal,Male,"Sports and travel",2019-01-02,16:57:00,Cash,5.7,42.47,1,42.47,2.1235,44.5935,40.3465,Evening,Wednesday,January,Bad
505-02-0892,B,Mandalay,Member,Male,"Health and beauty",2019-02-25,14:12:00,Ewallet,5.6,42.57,8,340.56,17.0280,357.5880,323.5320,Afternoon,Monday,February,Good
509-10-0516,B,Mandalay,Normal,Male,"Home and lifestyle",2019-02-09,12:02:00,Ewallet,5.1,45.97,4,183.88,9.1940,193.0740,174.6860,Afternoon,Saturday,February,Bad
509-29-3912,A,Yangon,Member,Female,"Sports and travel",2019-03-20,12:24:00,Ewallet,4.2,38.72,9,348.48,17.4240,365.9040,331.0560,Afternoon,Wednesday,March,Good
510-09-5628,A,Yangon,Member,Female,"Fashion accessories",2019-03-15,18:20:00,"Credit card",7.2,19.66,10,196.60,9.8300,206.4300,186.7700,Evening,Friday,March,Bad
510-79-0415,B,Mandalay,Member,Female,"Sports and travel",2019-01-24,19:20:00,Ewallet,4.9,23.08,6,138.48,6.9240,145.4040,131.5560,Evening,Thursday,January,Bad
510-95-6347,B,Mandalay,Member,Female,"Food and beverages",2019-03-05,18:17:00,Ewallet,4.0,48.52,3,145.56,7.2780,152.8380,138.2820,Evening,Tuesday,March,Bad
511-54-3087,B,Mandalay,Normal,Male,"Sports and travel",2019-02-25,16:36:00,"Credit card",9.5,88.45,1,88.45,4.4225,92.8725,84.0275,Evening,Monday,February,Bad
512-91-0811,C,Naypyitaw,Normal,Male,"Health and beauty",2019-02-06,20:05:00,"Credit card",6.6,89.75,1,89.75,4.4875,94.2375,85.2625,Evening,Wednesday,February,Bad
